# Top 1000 Travel Destinations
# Format: lat,lng,"City Name"

# ============================================
# EUROPE (~250 cities)
# ============================================

# United Kingdom & Ireland
51.5074,-0.1278,"London, UK"
53.4808,-2.2426,"Manchester, UK"
55.9533,-3.1883,"Edinburgh, UK"
53.8008,-1.5491,"Leeds, UK"
52.4862,-1.8904,"Birmingham, UK"
51.4545,-2.5879,"Bristol, UK"
55.8642,-4.2518,"Glasgow, UK"
54.9783,-1.6178,"Newcastle, UK"
51.4816,-3.1791,"Cardiff, UK"
53.4084,-2.9916,"Liverpool, UK"
52.6309,-1.1398,"Leicester, UK"
51.3758,-2.3599,"Bath, UK"
51.2802,-1.0789,"Winchester, UK"
52.2053,0.1218,"Cambridge, UK"
51.752,-1.2577,"Oxford, UK"
50.8225,-0.1372,"Brighton, UK"
50.7184,-1.8808,"Bournemouth, UK"
50.3755,-4.1427,"Plymouth, UK"
50.1193,-5.537,"Penzance, UK"
54.5973,-5.9301,"Belfast, UK"
53.3498,-6.2603,"Dublin, Ireland"
51.8985,-8.4756,"Cork, Ireland"
53.2707,-9.0568,"Galway, Ireland"
52.6638,-8.6267,"Limerick, Ireland"
54.3503,-6.6528,"Armagh, UK"
57.4778,-4.2247,"Inverness, UK"
56.4620,-2.9707,"Dundee, UK"
56.3398,-2.7967,"St Andrews, UK"

# France
48.8566,2.3522,"Paris, France"
43.7102,7.2620,"Nice, France"
43.2965,5.3698,"Marseille, France"
45.764,4.8357,"Lyon, France"
44.8378,-0.5792,"Bordeaux, France"
43.6047,1.4442,"Toulouse, France"
47.2184,-1.5536,"Nantes, France"
48.5734,7.7521,"Strasbourg, France"
50.6292,3.0573,"Lille, France"
43.6108,3.8767,"Montpellier, France"
47.3220,5.0415,"Dijon, France"
49.4432,1.0993,"Rouen, France"
48.1173,-1.6778,"Rennes, France"
45.1885,5.7245,"Grenoble, France"
43.5297,5.4474,"Aix-en-Provence, France"
43.9493,4.8055,"Avignon, France"
49.2583,4.0317,"Reims, France"
46.5802,-0.3404,"Poitiers, France"
47.0502,2.3988,"Bourges, France"
44.1,9.8241,"Cinque Terre, Italy"
48.8049,2.1204,"Versailles, France"
43.8376,4.3601,"Nimes, France"
49.1829,-0.3707,"Caen, France"
48.3904,-4.4861,"Brest, France"
47.7486,-3.3670,"Lorient, France"
46.1591,-1.1520,"La Rochelle, France"
43.4832,6.7511,"Cannes, France"
43.5528,7.0174,"Antibes, France"
45.8992,6.1294,"Annecy, France"
45.0440,3.8847,"Le Puy-en-Velay, France"
46.3169,4.8343,"Macon, France"

# Spain
40.4168,-3.7038,"Madrid, Spain"
41.3851,2.1734,"Barcelona, Spain"
37.3891,-5.9845,"Seville, Spain"
36.7213,-4.4214,"Malaga, Spain"
39.4699,-0.3763,"Valencia, Spain"
37.1773,-3.5986,"Granada, Spain"
43.2630,-2.9350,"Bilbao, Spain"
28.2916,-16.6291,"Santa Cruz de Tenerife, Spain"
28.1235,-15.4363,"Las Palmas, Gran Canaria, Spain"
27.9202,-15.5474,"Maspalomas, Gran Canaria, Spain"
28.9651,-13.5500,"Lanzarote, Spain"
36.5298,-6.2926,"Cadiz, Spain"
42.8782,-8.5448,"Santiago de Compostela, Spain"
41.6488,-0.8891,"Zaragoza, Spain"
39.8628,-4.0273,"Toledo, Spain"
38.9067,-6.3536,"Badajoz, Spain"
36.8381,-2.4597,"Almeria, Spain"
38.3452,-0.4810,"Alicante, Spain"
39.5696,2.6502,"Palma de Mallorca, Spain"
38.9087,1.4328,"Ibiza, Spain"
39.9496,4.1104,"Menorca, Spain"
40.9701,0.7894,"Tarragona, Spain"
41.1189,1.2445,"Salou, Spain"
43.3614,-5.8593,"Oviedo, Spain"
43.4623,-3.8100,"Santander, Spain"
42.2406,-8.7207,"Vigo, Spain"
41.6523,-4.7245,"Valladolid, Spain"
40.9650,-5.6642,"Salamanca, Spain"
40.6405,-3.1674,"Alcala de Henares, Spain"
37.8882,-4.7794,"Cordoba, Spain"
36.1408,-5.3536,"Gibraltar"

# Portugal
38.7223,-9.1393,"Lisbon, Portugal"
41.1579,-8.6291,"Porto, Portugal"
37.0179,-7.9304,"Faro, Portugal"
37.1022,-8.6730,"Lagos, Portugal"
32.6669,-16.9241,"Funchal, Madeira, Portugal"
37.7894,-25.5131,"Ponta Delgada, Azores, Portugal"
38.6916,-9.2160,"Cascais, Portugal"
38.7071,-9.1355,"Sintra, Portugal"
40.2033,-8.4103,"Coimbra, Portugal"
41.4425,-8.2918,"Braga, Portugal"
39.4540,-8.0000,"Fatima, Portugal"

# Italy
41.9028,12.4964,"Rome, Italy"
45.4642,9.1900,"Milan, Italy"
43.7696,11.2558,"Florence, Italy"
45.4408,12.3155,"Venice, Italy"
40.8518,14.2681,"Naples, Italy"
44.4949,11.3426,"Bologna, Italy"
45.0703,7.6869,"Turin, Italy"
43.3188,11.3308,"Siena, Italy"
43.1107,12.3908,"Perugia, Italy"
40.6401,14.6027,"Amalfi, Italy"
40.6263,14.3758,"Positano, Italy"
40.7461,14.4989,"Pompeii, Italy"
40.8260,14.4261,"Herculaneum, Italy"
45.6495,13.7768,"Trieste, Italy"
45.4385,10.9916,"Verona, Italy"
46.4983,11.3548,"Bolzano, Italy"
45.4384,12.3267,"Burano, Italy"
42.4643,14.2141,"Pescara, Italy"
43.8777,11.1023,"Prato, Italy"
43.5481,10.3105,"Pisa, Italy"
44.0558,12.5683,"Rimini, Italy"
45.5416,10.2118,"Brescia, Italy"
41.1256,16.8620,"Bari, Italy"
38.1157,13.3615,"Palermo, Sicily, Italy"
37.5023,15.0873,"Catania, Sicily, Italy"
36.9320,14.7357,"Ragusa, Sicily, Italy"
37.0679,15.2865,"Syracuse, Sicily, Italy"
40.9204,9.4959,"Olbia, Sardinia, Italy"
39.2238,9.1217,"Cagliari, Sardinia, Italy"
45.8083,8.8333,"Lake Como, Italy"
45.6606,10.6452,"Lake Garda, Italy"
40.7529,13.9466,"Capri, Italy"
37.7551,14.9934,"Taormina, Sicily, Italy"

# Germany
52.5200,13.4050,"Berlin, Germany"
48.1351,11.5820,"Munich, Germany"
50.1109,8.6821,"Frankfurt, Germany"
53.5511,9.9937,"Hamburg, Germany"
50.9375,6.9603,"Cologne, Germany"
51.2277,6.7735,"Dusseldorf, Germany"
48.7758,9.1829,"Stuttgart, Germany"
51.0504,13.7373,"Dresden, Germany"
51.3397,12.3731,"Leipzig, Germany"
52.3759,9.7320,"Hannover, Germany"
49.4521,11.0767,"Nuremberg, Germany"
53.0793,8.8017,"Bremen, Germany"
50.0782,8.2398,"Wiesbaden, Germany"
49.9929,8.2473,"Mainz, Germany"
47.9990,7.8421,"Freiburg, Germany"
49.2327,7.0005,"Saarbrucken, Germany"
49.0069,8.4037,"Karlsruhe, Germany"
48.3705,10.8978,"Augsburg, Germany"
47.5596,7.5886,"Basel (CH border), Germany"
50.0755,14.4378,"Prague, Czech Republic"
48.2082,16.3738,"Vienna, Austria"
47.5596,7.5886,"Basel, Switzerland"
47.3769,8.5417,"Zurich, Switzerland"
46.9480,7.4474,"Bern, Switzerland"
46.2044,6.1432,"Geneva, Switzerland"
46.0037,8.9511,"Lugano, Switzerland"
46.8182,8.2275,"Lucerne, Switzerland"
46.5197,6.6323,"Lausanne, Switzerland"
47.5584,7.5733,"Basel, Switzerland"
47.0502,8.3093,"Lucerne, Switzerland"
46.6863,7.8632,"Interlaken, Switzerland"
46.0207,7.7491,"Zermatt, Switzerland"
46.4908,9.8355,"St. Moritz, Switzerland"
47.4245,9.3767,"St. Gallen, Switzerland"

# Netherlands, Belgium, Luxembourg
52.3676,4.9041,"Amsterdam, Netherlands"
51.9225,4.4792,"Rotterdam, Netherlands"
52.0907,5.1214,"Utrecht, Netherlands"
52.1601,4.4970,"Leiden, Netherlands"
51.4416,5.4697,"Eindhoven, Netherlands"
52.2215,6.8937,"Enschede, Netherlands"
51.8126,5.8372,"Nijmegen, Netherlands"
53.2194,6.5665,"Groningen, Netherlands"
51.4381,5.4752,"Eindhoven, Netherlands"
50.8503,4.3517,"Brussels, Belgium"
51.0543,3.7174,"Ghent, Belgium"
51.2093,3.2247,"Bruges, Belgium"
50.6326,5.5797,"Liege, Belgium"
51.2194,4.4025,"Antwerp, Belgium"
49.6117,6.1319,"Luxembourg City, Luxembourg"

# Scandinavia
59.9139,10.7522,"Oslo, Norway"
60.3913,5.3221,"Bergen, Norway"
63.4305,10.3951,"Trondheim, Norway"
69.6492,18.9553,"Tromso, Norway"
68.4385,17.4272,"Narvik, Norway"
62.4722,6.1495,"Alesund, Norway"
60.8680,8.0160,"Geirangerfjord, Norway"
78.2232,15.6267,"Longyearbyen, Svalbard"
59.3293,18.0686,"Stockholm, Sweden"
57.7089,11.9746,"Gothenburg, Sweden"
55.6050,13.0038,"Malmo, Sweden"
63.8258,20.2630,"Umea, Sweden"
67.8558,20.2253,"Kiruna, Sweden"
66.5039,25.7294,"Rovaniemi, Finland"
60.1699,24.9384,"Helsinki, Finland"
60.4518,22.2666,"Turku, Finland"
61.4978,23.7610,"Tampere, Finland"
55.6761,12.5683,"Copenhagen, Denmark"
56.1629,10.2039,"Aarhus, Denmark"
55.4038,10.4024,"Odense, Denmark"
64.1466,-21.9426,"Reykjavik, Iceland"
64.9631,-19.0208,"Gullfoss, Iceland"
63.4194,-19.0096,"Vik, Iceland"
65.6835,-18.0878,"Akureyri, Iceland"

# Eastern Europe
50.0647,19.9450,"Krakow, Poland"
52.2297,21.0122,"Warsaw, Poland"
51.1079,17.0385,"Wroclaw, Poland"
54.3520,18.6466,"Gdansk, Poland"
51.7592,19.4560,"Lodz, Poland"
50.0614,19.9372,"Auschwitz, Poland"
47.4979,19.0402,"Budapest, Hungary"
46.0569,14.5058,"Ljubljana, Slovenia"
45.8150,15.9819,"Zagreb, Croatia"
43.5081,16.4402,"Split, Croatia"
42.6507,18.0944,"Dubrovnik, Croatia"
45.3271,14.4422,"Rijeka, Croatia"
44.1194,15.2314,"Zadar, Croatia"
43.5147,16.4435,"Hvar, Croatia"
42.9764,17.6100,"Korcula, Croatia"
44.8125,20.4612,"Belgrade, Serbia"
42.4304,19.2594,"Podgorica, Montenegro"
42.4244,18.7712,"Kotor, Montenegro"
42.2862,18.8373,"Budva, Montenegro"
41.3275,19.8187,"Tirana, Albania"
41.9981,21.4254,"Skopje, North Macedonia"
42.0042,20.9697,"Lake Ohrid, North Macedonia"
43.8563,18.4131,"Sarajevo, Bosnia"
43.3438,17.8078,"Mostar, Bosnia"
44.4268,26.1025,"Bucharest, Romania"
45.7489,21.2087,"Timisoara, Romania"
46.7712,23.6236,"Cluj-Napoca, Romania"
45.6427,25.5887,"Brasov, Romania"
44.9269,20.4233,"Novi Sad, Serbia"
43.3209,21.8958,"Nis, Serbia"
42.6629,21.1655,"Pristina, Kosovo"

# Greece & Cyprus
37.9838,23.7275,"Athens, Greece"
40.6401,22.9444,"Thessaloniki, Greece"
36.4337,28.2176,"Rhodes, Greece"
35.5138,24.0180,"Chania, Crete, Greece"
36.4618,25.3753,"Santorini, Greece"
37.4467,25.3289,"Mykonos, Greece"
39.6243,19.9217,"Corfu, Greece"
37.5672,26.9839,"Samos, Greece"
36.8969,27.2871,"Kos, Greece"
39.1015,26.5489,"Lesbos, Greece"
35.1856,33.3823,"Nicosia, Cyprus"
34.7071,33.0226,"Limassol, Cyprus"
34.9180,33.6200,"Larnaca, Cyprus"
35.0394,32.4218,"Paphos, Cyprus"
35.1738,33.9600,"Ayia Napa, Cyprus"

# Turkey
41.0082,28.9784,"Istanbul, Turkey"
38.4192,27.1287,"Izmir, Turkey"
39.9334,32.8597,"Ankara, Turkey"
36.8969,30.7133,"Antalya, Turkey"
37.9144,32.4846,"Konya, Turkey"
38.6191,34.7289,"Cappadocia, Turkey"
36.5477,29.1123,"Fethiye, Turkey"
37.0367,27.4241,"Bodrum, Turkey"
36.8841,28.2706,"Marmaris, Turkey"
40.7697,29.9228,"Bursa, Turkey"
39.7477,37.0179,"Sivas, Turkey"
40.1885,29.0610,"Bursa, Turkey"
39.9032,41.2767,"Erzurum, Turkey"
37.2153,28.3636,"Pamukkale, Turkey"
37.9492,27.3638,"Ephesus, Turkey"

# Baltic States
59.4370,24.7536,"Tallinn, Estonia"
56.9496,24.1052,"Riga, Latvia"
54.6872,25.2797,"Vilnius, Lithuania"
55.7047,21.1175,"Klaipeda, Lithuania"

# Russia & Caucasus
55.7558,37.6173,"Moscow, Russia"
59.9343,30.3351,"St. Petersburg, Russia"
56.8389,60.6057,"Yekaterinburg, Russia"
55.0084,82.9357,"Novosibirsk, Russia"
43.1332,131.9113,"Vladivostok, Russia"
62.0339,129.7330,"Yakutsk, Russia"
41.7151,44.8271,"Tbilisi, Georgia"
41.6938,44.8015,"Mtskheta, Georgia"
42.2679,42.6946,"Kutaisi, Georgia"
41.6416,41.6366,"Batumi, Georgia"
40.4093,49.8671,"Baku, Azerbaijan"
40.1792,44.4991,"Yerevan, Armenia"

# ============================================
# ASIA (~250 cities)
# ============================================

# Japan
35.6762,139.6503,"Tokyo, Japan"
35.0116,135.7681,"Kyoto, Japan"
34.6937,135.5023,"Osaka, Japan"
35.1815,136.9066,"Nagoya, Japan"
43.0618,141.3545,"Sapporo, Japan"
33.5904,130.4017,"Fukuoka, Japan"
35.1706,136.8817,"Gifu, Japan"
34.6851,135.8050,"Nara, Japan"
34.3963,132.4594,"Hiroshima, Japan"
34.6682,133.9336,"Okayama, Japan"
34.2329,135.1707,"Wakayama, Japan"
36.5613,136.6562,"Kanazawa, Japan"
36.2048,137.2529,"Takayama, Japan"
36.1030,140.0877,"Tsukuba, Japan"
35.4437,139.6380,"Yokohama, Japan"
35.3192,139.5503,"Kamakura, Japan"
35.2329,139.1071,"Hakone, Japan"
35.6684,138.7270,"Mt. Fuji, Japan"
34.3892,136.8429,"Ise, Japan"
26.2124,127.6809,"Naha, Okinawa, Japan"
38.2682,140.8694,"Sendai, Japan"
33.8416,132.7657,"Matsuyama, Japan"
32.7503,129.8779,"Nagasaki, Japan"
31.5966,130.5571,"Kagoshima, Japan"
36.6953,137.2113,"Shirakawa-go, Japan"
34.6604,135.4317,"Kobe, Japan"
24.3336,124.1572,"Ishigaki, Japan"

# China
39.9042,116.4074,"Beijing, China"
31.2304,121.4737,"Shanghai, China"
22.3193,114.1694,"Hong Kong"
22.1987,113.5439,"Macau"
23.1291,113.2644,"Guangzhou, China"
22.5431,114.0579,"Shenzhen, China"
30.5728,104.0668,"Chengdu, China"
29.5630,106.5516,"Chongqing, China"
30.2741,120.1551,"Hangzhou, China"
34.2658,108.9541,"Xi'an, China"
25.0339,102.7094,"Kunming, China"
31.2990,120.5853,"Suzhou, China"
25.2744,110.2903,"Guilin, China"
29.7153,118.3385,"Huangshan, China"
36.0671,120.3826,"Qingdao, China"
38.0428,114.5149,"Shijiazhuang, China"
34.7473,113.6249,"Zhengzhou, China"
32.0603,118.7969,"Nanjing, China"
40.8427,111.7511,"Hohhot, China"
27.9938,86.9250,"Tibet/Everest Base Camp, China"
29.6500,91.1000,"Lhasa, Tibet"
43.8171,87.6086,"Urumqi, China"
35.7400,103.8166,"Lanzhou, China"
26.0614,119.3061,"Fuzhou, China"
24.4534,118.0894,"Xiamen, China"
18.2528,109.5120,"Sanya, Hainan, China"
45.8038,126.5350,"Harbin, China"

# South Korea
37.5665,126.9780,"Seoul, South Korea"
35.1796,129.0756,"Busan, South Korea"
35.8714,128.6014,"Daegu, South Korea"
37.4563,126.7052,"Incheon, South Korea"
33.4996,126.5312,"Jeju Island, South Korea"
35.2100,129.0689,"Haeundae, South Korea"
37.8748,127.7342,"Nami Island, South Korea"
35.1550,126.9158,"Gwangju, South Korea"
37.2636,127.0286,"Suwon, South Korea"

# Taiwan
25.0330,121.5654,"Taipei, Taiwan"
24.1477,120.6736,"Taichung, Taiwan"
22.6273,120.3014,"Kaohsiung, Taiwan"
22.0017,120.7444,"Kenting, Taiwan"
24.8066,121.0078,"Hualien, Taiwan"
23.4800,120.4491,"Alishan, Taiwan"
24.7969,120.9961,"Hsinchu, Taiwan"

# Southeast Asia - Thailand
13.7563,100.5018,"Bangkok, Thailand"
7.8804,98.3923,"Phuket, Thailand"
18.7883,98.9853,"Chiang Mai, Thailand"
7.9519,98.3381,"Krabi, Thailand"
9.5120,100.0134,"Koh Samui, Thailand"
9.8420,99.2541,"Koh Phangan, Thailand"
8.0863,98.9063,"Phi Phi Islands, Thailand"
12.9236,100.8825,"Pattaya, Thailand"
8.4304,99.9631,"Koh Tao, Thailand"
14.3532,100.5684,"Ayutthaya, Thailand"
17.8707,102.7501,"Vientiane, Laos"
19.8563,102.1349,"Luang Prabang, Laos"

# Southeast Asia - Vietnam
10.8231,106.6297,"Ho Chi Minh City, Vietnam"
21.0285,105.8542,"Hanoi, Vietnam"
16.0544,108.2022,"Da Nang, Vietnam"
15.8801,108.3380,"Hoi An, Vietnam"
20.9101,107.1839,"Ha Long Bay, Vietnam"
12.2388,109.1967,"Nha Trang, Vietnam"
10.3609,107.0843,"Vung Tau, Vietnam"
11.9404,108.4583,"Da Lat, Vietnam"
16.4637,107.5909,"Hue, Vietnam"
22.3384,103.8440,"Sapa, Vietnam"

# Southeast Asia - Cambodia, Myanmar
11.5564,104.9282,"Phnom Penh, Cambodia"
13.4125,103.8670,"Siem Reap, Cambodia"
10.6093,103.5235,"Sihanoukville, Cambodia"
16.8661,96.1951,"Yangon, Myanmar"
21.9588,96.0891,"Mandalay, Myanmar"
21.1717,94.8585,"Bagan, Myanmar"
20.6692,96.9170,"Inle Lake, Myanmar"

# Southeast Asia - Malaysia & Singapore
3.1390,101.6869,"Kuala Lumpur, Malaysia"
1.2905,103.8520,"Singapore"
5.4164,100.3327,"Penang, Malaysia"
1.5535,110.3593,"Kuching, Malaysia"
5.9804,116.0735,"Kota Kinabalu, Malaysia"
4.5693,103.4324,"Kuala Terengganu, Malaysia"
2.7456,101.7072,"Putrajaya, Malaysia"
3.0738,101.5183,"Shah Alam, Malaysia"
4.2105,103.4176,"Cherating, Malaysia"
6.4414,99.8434,"Langkawi, Malaysia"
4.9,115.0670,"Brunei"

# Southeast Asia - Indonesia
-6.2088,106.8456,"Jakarta, Indonesia"
-8.3405,115.0920,"Bali, Indonesia"
-8.6500,115.2167,"Ubud, Bali, Indonesia"
-7.7956,110.3695,"Yogyakarta, Indonesia"
-6.9175,107.6191,"Bandung, Indonesia"
-7.2504,112.7688,"Surabaya, Indonesia"
0.7893,113.9213,"Balikpapan, Indonesia"
-0.9493,100.3543,"Padang, Indonesia"
-5.4474,105.2615,"Bandar Lampung, Indonesia"
-8.4095,115.1889,"Seminyak, Bali, Indonesia"
-8.7467,115.1678,"Uluwatu, Bali, Indonesia"
-8.5069,119.8808,"Labuan Bajo, Indonesia"
-0.0236,109.3425,"Pontianak, Indonesia"
-2.9761,104.7754,"Palembang, Indonesia"
3.5952,98.6722,"Medan, Indonesia"
1.0456,104.0305,"Batam, Indonesia"
-8.5833,116.1167,"Lombok, Indonesia"
-8.4564,119.8780,"Komodo Island, Indonesia"

# Southeast Asia - Philippines
14.5995,120.9842,"Manila, Philippines"
10.3157,123.8854,"Cebu City, Philippines"
9.3068,123.3054,"Bohol, Philippines"
9.8150,118.7346,"Puerto Princesa, Palawan, Philippines"
11.1784,119.4150,"El Nido, Palawan, Philippines"
11.9674,121.9182,"Boracay, Philippines"
7.1907,125.4553,"Davao, Philippines"
10.6910,122.5453,"Iloilo City, Philippines"
16.4023,120.5960,"Baguio, Philippines"

# South Asia - India
28.6139,77.2090,"New Delhi, India"
19.0760,72.8777,"Mumbai, India"
12.9716,77.5946,"Bangalore, India"
22.5726,88.3639,"Kolkata, India"
13.0827,80.2707,"Chennai, India"
17.3850,78.4867,"Hyderabad, India"
23.0225,72.5714,"Ahmedabad, India"
26.9124,75.7873,"Jaipur, India"
26.8467,80.9462,"Lucknow, India"
25.3176,82.9739,"Varanasi, India"
27.1767,78.0081,"Agra, India"
15.2993,74.1240,"Goa, India"
30.7333,76.7794,"Chandigarh, India"
11.0168,76.9558,"Coimbatore, India"
10.5276,76.2144,"Thrissur, India"
9.9312,76.2673,"Kochi, India"
8.5241,76.9366,"Trivandrum, India"
21.1702,72.8311,"Surat, India"
18.5204,73.8567,"Pune, India"
26.4499,74.6399,"Udaipur, India"
28.0229,73.3119,"Jodhpur, India"
26.2389,73.0243,"Jaisalmer, India"
32.2190,76.3234,"Dharamshala, India"
31.1048,77.1734,"Shimla, India"
27.4728,94.9120,"Kaziranga, India"
22.3072,73.1812,"Vadodara, India"
11.9416,79.8083,"Pondicherry, India"
15.3647,75.1240,"Hampi, India"
10.7867,79.1378,"Thanjavur, India"
12.2958,76.6394,"Mysore, India"
34.0837,74.7973,"Srinagar, India"
34.1526,77.5771,"Leh, Ladakh, India"

# South Asia - Sri Lanka, Nepal, Bhutan, Maldives
6.9271,79.8612,"Colombo, Sri Lanka"
7.2906,80.6337,"Kandy, Sri Lanka"
6.0329,80.2168,"Galle, Sri Lanka"
7.9403,81.0188,"Trincomalee, Sri Lanka"
8.3114,80.4037,"Anuradhapura, Sri Lanka"
7.2567,80.5914,"Sigiriya, Sri Lanka"
6.8849,79.8574,"Negombo, Sri Lanka"
6.2327,80.0549,"Hikkaduwa, Sri Lanka"
27.7172,85.3240,"Kathmandu, Nepal"
27.9881,86.9250,"Everest Base Camp, Nepal"
28.2096,83.9856,"Pokhara, Nepal"
27.5142,84.3601,"Chitwan, Nepal"
27.4712,89.6419,"Thimphu, Bhutan"
27.5863,89.2626,"Paro, Bhutan"
4.1755,73.5093,"Male, Maldives"
3.9470,73.4120,"Hulhumale, Maldives"
0.6942,73.1872,"Addu City, Maldives"

# Middle East
25.2048,55.2708,"Dubai, UAE"
24.4539,54.3773,"Abu Dhabi, UAE"
25.3463,55.4209,"Sharjah, UAE"
26.2285,50.5860,"Manama, Bahrain"
25.2854,51.5310,"Doha, Qatar"
23.5880,58.3829,"Muscat, Oman"
23.0177,57.0788,"Nizwa, Oman"
17.0151,54.0924,"Salalah, Oman"
29.3759,47.9774,"Kuwait City, Kuwait"
24.7136,46.6753,"Riyadh, Saudi Arabia"
21.4858,39.1925,"Jeddah, Saudi Arabia"
21.3891,39.8579,"Mecca, Saudi Arabia"
24.4672,39.6024,"Medina, Saudi Arabia"
26.4207,50.0888,"Dammam, Saudi Arabia"
31.9454,35.9284,"Amman, Jordan"
30.3285,35.4444,"Petra, Jordan"
29.5581,35.0066,"Aqaba, Jordan"
31.5200,35.4700,"Dead Sea, Jordan"
33.8938,35.5018,"Beirut, Lebanon"
34.1172,35.6510,"Byblos, Lebanon"
33.5608,35.3812,"Sidon, Lebanon"
33.8869,35.5131,"Baalbek, Lebanon"
31.7683,35.2137,"Jerusalem, Israel"
32.0853,34.7818,"Tel Aviv, Israel"
31.2530,34.7915,"Beer Sheva, Israel"
29.5577,34.9519,"Eilat, Israel"
32.7940,34.9896,"Haifa, Israel"
32.9646,35.4956,"Nazareth, Israel"
33.5138,36.2765,"Damascus, Syria"
36.2021,37.1343,"Aleppo, Syria"
33.3152,44.3661,"Baghdad, Iraq"
36.1912,44.0091,"Erbil, Iraq"
35.6892,51.3890,"Tehran, Iran"
32.6539,51.6660,"Isfahan, Iran"
29.5918,52.5837,"Shiraz, Iran"
36.2605,59.6168,"Mashhad, Iran"
30.2839,57.0834,"Kerman, Iran"
38.0793,46.2919,"Tabriz, Iran"
29.6100,52.5319,"Persepolis, Iran"

# Central Asia
43.2220,76.8512,"Almaty, Kazakhstan"
51.1694,71.4491,"Astana, Kazakhstan"
41.2995,69.2401,"Tashkent, Uzbekistan"
39.6542,66.9597,"Samarkand, Uzbekistan"
39.7747,64.4286,"Bukhara, Uzbekistan"
41.3775,60.3377,"Khiva, Uzbekistan"
42.8746,74.5698,"Bishkek, Kyrgyzstan"
42.4507,78.3939,"Karakol, Kyrgyzstan"
38.5598,68.7738,"Dushanbe, Tajikistan"
37.9601,58.3261,"Ashgabat, Turkmenistan"

# ============================================
# NORTH AMERICA (~150 cities)
# ============================================

# USA - East Coast
40.7128,-74.0060,"New York City, USA"
34.0522,-118.2437,"Los Angeles, USA"
41.8781,-87.6298,"Chicago, USA"
29.7604,-95.3698,"Houston, USA"
33.4484,-112.0740,"Phoenix, USA"
29.4241,-98.4936,"San Antonio, USA"
32.7157,-117.1611,"San Diego, USA"
32.7767,-96.7970,"Dallas, USA"
30.2672,-97.7431,"Austin, USA"
37.7749,-122.4194,"San Francisco, USA"
42.3601,-71.0589,"Boston, USA"
39.7392,-104.9903,"Denver, USA"
47.6062,-122.3321,"Seattle, USA"
25.7617,-80.1918,"Miami, USA"
33.7490,-84.3880,"Atlanta, USA"
38.9072,-77.0369,"Washington DC, USA"
39.9526,-75.1652,"Philadelphia, USA"
36.1627,-86.7816,"Nashville, USA"
35.2271,-80.8431,"Charlotte, USA"
45.5051,-122.6750,"Portland, USA"
36.1699,-115.1398,"Las Vegas, USA"
27.9506,-82.4572,"Tampa, USA"
26.1224,-80.1373,"Fort Lauderdale, USA"
28.5383,-81.3792,"Orlando, USA"
35.1495,-90.0490,"Memphis, USA"
39.0997,-94.5786,"Kansas City, USA"
29.9511,-90.0715,"New Orleans, USA"
38.2527,-85.7585,"Louisville, USA"
39.2904,-76.6122,"Baltimore, USA"
41.4993,-81.6944,"Cleveland, USA"
42.3314,-83.0458,"Detroit, USA"
43.0389,-87.9065,"Milwaukee, USA"
44.9778,-93.2650,"Minneapolis, USA"
38.6270,-90.1994,"St. Louis, USA"
40.4406,-79.9959,"Pittsburgh, USA"
39.1031,-84.5120,"Cincinnati, USA"
35.4676,-97.5164,"Oklahoma City, USA"
36.1540,-95.9928,"Tulsa, USA"
32.7555,-97.3308,"Fort Worth, USA"
31.7619,-106.4850,"El Paso, USA"
35.0844,-106.6504,"Albuquerque, USA"
33.4152,-111.8315,"Scottsdale, USA"
36.1147,-115.1728,"Henderson, USA"
21.3069,-157.8583,"Honolulu, Hawaii, USA"
20.7984,-156.3319,"Maui, Hawaii, USA"
19.8968,-155.5828,"Kona, Hawaii, USA"
61.2181,-149.9003,"Anchorage, Alaska, USA"
64.8378,-147.7164,"Fairbanks, Alaska, USA"
58.3019,-134.4197,"Juneau, Alaska, USA"
41.2565,-95.9345,"Omaha, USA"
41.5868,-93.6250,"Des Moines, USA"
43.0731,-89.4012,"Madison, USA"
39.7684,-86.1581,"Indianapolis, USA"
43.6591,-70.2568,"Portland, Maine, USA"
44.2601,-72.5754,"Montpelier, USA"
42.8864,-78.8784,"Buffalo, USA"
42.6526,-73.7562,"Albany, USA"
40.7608,-111.8910,"Salt Lake City, USA"
43.6150,-116.2023,"Boise, USA"
46.8797,-96.7898,"Fargo, USA"
44.9537,-93.0900,"Saint Paul, USA"
40.2338,-111.6585,"Provo, USA"
37.3382,-121.8863,"San Jose, USA"
37.5485,-121.9886,"Fremont, USA"
38.5816,-121.4944,"Sacramento, USA"
36.7378,-119.7871,"Fresno, USA"
33.9425,-118.4081,"Marina del Rey, USA"
34.4208,-119.6982,"Santa Barbara, USA"
36.9741,-122.0308,"Santa Cruz, USA"
36.6002,-121.8947,"Monterey, USA"
34.1975,-119.1771,"Ventura, USA"
33.1959,-117.3795,"Carlsbad, USA"
33.8303,-116.5453,"Palm Springs, USA"
37.4419,-122.1430,"Palo Alto, USA"
37.3861,-122.0839,"Mountain View, USA"
37.5630,-122.3255,"San Mateo, USA"
38.4405,-122.7144,"Santa Rosa, USA"
39.5296,-119.8138,"Reno, USA"
37.2090,-93.2923,"Springfield, USA"
41.0534,-73.5387,"Stamford, USA"
41.3083,-72.9279,"New Haven, USA"
42.1015,-72.5898,"Springfield, Massachusetts, USA"
32.2988,-90.1848,"Jackson, Mississippi, USA"
30.4515,-91.1871,"Baton Rouge, USA"
33.5207,-86.8025,"Birmingham, Alabama, USA"
34.7465,-92.2896,"Little Rock, USA"
35.7796,-78.6382,"Raleigh, USA"
36.0726,-79.7920,"Greensboro, USA"
32.7765,-79.9311,"Charleston, USA"
32.0809,-81.0912,"Savannah, USA"

# USA - National Parks & Nature
44.4280,-110.5885,"Yellowstone, USA"
36.1070,-112.1130,"Grand Canyon, USA"
37.5930,-112.1871,"Bryce Canyon, USA"
38.7331,-109.5925,"Arches National Park, USA"
37.2982,-113.0263,"Zion National Park, USA"
37.8651,-119.5383,"Yosemite, USA"
36.4864,-117.8400,"Death Valley, USA"
40.3428,-105.6836,"Rocky Mountain NP, USA"
25.2866,-80.8987,"Everglades, USA"
35.6117,-83.4895,"Great Smoky Mountains, USA"
44.3386,-68.2733,"Acadia National Park, USA"
41.2400,-124.0046,"Redwood National Park, USA"
36.0544,-112.1401,"Havasupai Falls, USA"
48.7596,-113.7870,"Glacier National Park, USA"
43.7904,-110.6818,"Grand Teton, USA"
32.1479,-110.7565,"Saguaro National Park, USA"
24.5551,-81.7800,"Key West, USA"
26.6868,-80.0379,"West Palm Beach, USA"
34.0259,-118.7798,"Malibu, USA"
33.0198,-116.8464,"Anza-Borrego, USA"
37.2389,-112.9407,"Kanab, USA"
38.0022,-79.4195,"Shenandoah, USA"

# Canada
43.6532,-79.3832,"Toronto, Canada"
45.5017,-73.5673,"Montreal, Canada"
49.2827,-123.1207,"Vancouver, Canada"
51.0447,-114.0719,"Calgary, Canada"
53.5461,-113.4938,"Edmonton, Canada"
45.4215,-75.6972,"Ottawa, Canada"
46.8139,-71.2080,"Quebec City, Canada"
49.8951,-97.1384,"Winnipeg, Canada"
44.6488,-63.5752,"Halifax, Canada"
48.4284,-123.3656,"Victoria, Canada"
52.1332,-106.6700,"Saskatoon, Canada"
62.4540,-114.3718,"Yellowknife, Canada"
60.7212,-135.0568,"Whitehorse, Canada"
64.2823,-135.0000,"Dawson City, Canada"
51.1784,-115.5708,"Banff, Canada"
52.8737,-118.0814,"Jasper, Canada"
50.1163,-122.9574,"Whistler, Canada"
49.2965,-123.1500,"North Vancouver, Canada"
43.4516,-80.4925,"Kitchener, Canada"
43.2557,-79.8711,"Hamilton, Canada"
42.9849,-81.2453,"London, Canada"
48.3809,-89.2477,"Thunder Bay, Canada"
46.2382,-63.1311,"Charlottetown, Canada"
47.5605,-52.7128,"St. John's, Canada"
46.0878,-64.7782,"Moncton, Canada"
53.9171,-122.7497,"Prince George, Canada"
54.7465,-113.8089,"Athabasca, Canada"

# Mexico & Central America
19.4326,-99.1332,"Mexico City, Mexico"
20.6597,-105.2253,"Puerto Vallarta, Mexico"
21.1619,-86.8515,"Cancun, Mexico"
20.2114,-87.4654,"Tulum, Mexico"
20.5001,-87.4526,"Playa del Carmen, Mexico"
20.9674,-89.5926,"Merida, Mexico"
22.8905,-109.9167,"Cabo San Lucas, Mexico"
23.6345,-102.5528,"Zacatecas, Mexico"
20.6736,-103.3440,"Guadalajara, Mexico"
25.6866,-100.3161,"Monterrey, Mexico"
17.0732,-96.7266,"Oaxaca, Mexico"
19.1738,-96.1342,"Veracruz, Mexico"
31.8667,-116.6000,"Ensenada, Mexico"
24.1426,-110.3128,"La Paz, Mexico"
17.9869,-92.9303,"Palenque, Mexico"
16.8634,-99.8901,"Acapulco, Mexico"
21.0190,-101.2574,"Guanajuato, Mexico"
20.1011,-98.7591,"Pachuca, Mexico"
19.8484,-90.5300,"Campeche, Mexico"
19.4978,-88.3083,"Bacalar, Mexico"
14.6349,-90.5069,"Guatemala City, Guatemala"
14.6463,-90.5139,"Antigua, Guatemala"
15.6767,-91.7993,"Lake Atitlan, Guatemala"
13.6929,-89.2182,"San Salvador, El Salvador"
14.0723,-87.1921,"Tegucigalpa, Honduras"
15.7835,-86.7930,"Roatan, Honduras"
12.1150,-86.2362,"Managua, Nicaragua"
11.4306,-85.8256,"Granada, Nicaragua"
9.9281,-84.0907,"San Jose, Costa Rica"
10.4699,-85.0597,"Tamarindo, Costa Rica"
9.4329,-84.1634,"Manuel Antonio, Costa Rica"
10.4694,-83.9954,"Arenal, Costa Rica"
10.5324,-85.5656,"Monteverde, Costa Rica"
8.9824,-79.5199,"Panama City, Panama"
8.4095,-82.4300,"Boquete, Panama"
9.3500,-79.9000,"San Blas Islands, Panama"
17.9712,-66.8080,"San Juan, Puerto Rico"
18.0000,-65.8333,"Vieques, Puerto Rico"

# Caribbean
23.1136,-82.3666,"Havana, Cuba"
22.4072,-79.9545,"Trinidad, Cuba"
22.0803,-79.4536,"Sancti Spiritus, Cuba"
20.0245,-75.8292,"Santiago de Cuba, Cuba"
18.4861,-69.9312,"Santo Domingo, Dominican Republic"
19.7922,-70.6872,"Puerto Plata, Dominican Republic"
18.4308,-68.9681,"Punta Cana, Dominican Republic"
18.9712,-72.2852,"Port-au-Prince, Haiti"
18.1096,-77.2975,"Kingston, Jamaica"
18.4729,-77.9193,"Montego Bay, Jamaica"
18.4098,-77.1046,"Ocho Rios, Jamaica"
18.2208,-77.4978,"Negril, Jamaica"
13.1132,-59.5988,"Bridgetown, Barbados"
12.0433,-61.7491,"St. George's, Grenada"
10.6596,-61.5086,"Port of Spain, Trinidad"
14.0101,-60.9874,"Castries, St. Lucia"
17.1175,-61.8456,"St. John's, Antigua"
17.2971,-62.7259,"Basseterre, St. Kitts"
12.1165,-68.9292,"Willemstad, Curacao"
12.5092,-70.0086,"Oranjestad, Aruba"
18.3358,-64.8963,"Road Town, British Virgin Islands"
17.7373,-64.7424,"Charlotte Amalie, USVI"
25.0343,-77.3963,"Nassau, Bahamas"
26.5285,-78.6962,"Freeport, Bahamas"
19.3133,-81.2546,"George Town, Cayman Islands"

# ============================================
# SOUTH AMERICA (~80 cities)
# ============================================

4.7110,-74.0721,"Bogota, Colombia"
6.2442,-75.5812,"Medellin, Colombia"
10.3932,-75.4832,"Cartagena, Colombia"
3.4516,-76.5320,"Cali, Colombia"
10.9878,-74.7889,"Barranquilla, Colombia"
11.2408,-74.2110,"Santa Marta, Colombia"
-12.0464,-77.0428,"Lima, Peru"
-13.5319,-71.9675,"Cusco, Peru"
-13.1631,-72.5450,"Machu Picchu, Peru"
-16.4090,-71.5375,"Arequipa, Peru"
-15.8402,-70.0219,"Puno, Peru"
-3.7437,-73.2516,"Iquitos, Peru"
-8.1116,-79.0287,"Trujillo, Peru"
-0.1807,-78.4678,"Quito, Ecuador"
-2.1710,-79.9224,"Guayaquil, Ecuador"
-0.9677,-80.7089,"Manta, Ecuador"
-0.9538,-90.9656,"Galapagos Islands, Ecuador"
-1.8312,-78.1834,"Banos, Ecuador"
-2.8974,-79.0045,"Cuenca, Ecuador"
-16.5000,-68.1193,"La Paz, Bolivia"
-19.0196,-65.2619,"Sucre, Bolivia"
-17.9647,-67.1063,"Oruro, Bolivia"
-13.1628,-74.2238,"Huancayo, Peru"
-19.5723,-65.7550,"Potosi, Bolivia"
-22.9068,-43.1729,"Rio de Janeiro, Brazil"
-23.5505,-46.6333,"Sao Paulo, Brazil"
-19.9167,-43.9345,"Belo Horizonte, Brazil"
-15.8267,-47.9218,"Brasilia, Brazil"
-25.4284,-49.2733,"Curitiba, Brazil"
-30.0346,-51.2177,"Porto Alegre, Brazil"
-12.9714,-38.5014,"Salvador, Brazil"
-8.0476,-34.8770,"Recife, Brazil"
-3.7172,-38.5433,"Fortaleza, Brazil"
-1.4558,-48.4902,"Belem, Brazil"
-3.1190,-60.0217,"Manaus, Brazil"
-13.0089,-38.5032,"Salvador, Bahia, Brazil"
-22.9519,-43.2105,"Copacabana, Brazil"
-27.5954,-48.5480,"Florianopolis, Brazil"
-20.3155,-40.3128,"Vitoria, Brazil"
-29.3758,-50.8765,"Gramado, Brazil"
-25.6953,-54.4367,"Foz do Iguacu, Brazil"
-3.8476,-32.4297,"Fernando de Noronha, Brazil"
-22.4556,-42.9830,"Buzios, Brazil"
-34.6037,-58.3816,"Buenos Aires, Argentina"
-31.4201,-64.1888,"Cordoba, Argentina"
-32.8895,-68.8458,"Mendoza, Argentina"
-38.7196,-62.2724,"Bahia Blanca, Argentina"
-41.1335,-71.3103,"Bariloche, Argentina"
-50.3400,-72.2646,"El Calafate, Argentina"
-54.8019,-68.3030,"Ushuaia, Argentina"
-24.7859,-65.4117,"Salta, Argentina"
-26.8083,-65.2176,"San Miguel de Tucuman, Argentina"
-46.4399,-67.5231,"Comodoro Rivadavia, Argentina"
-49.3318,-72.8863,"El Chalten, Argentina"
-42.7692,-65.0385,"Puerto Madryn, Argentina"
-40.8135,-62.9967,"Viedma, Argentina"
-27.4691,-58.8306,"Corrientes, Argentina"
-33.4489,-70.6693,"Santiago, Chile"
-33.0472,-71.6127,"Valparaiso, Chile"
-23.6509,-70.3975,"Antofagasta, Chile"
-22.4540,-68.9293,"San Pedro de Atacama, Chile"
-51.7311,-72.5034,"Puerto Natales, Chile"
-41.4717,-72.9369,"Puerto Varas, Chile"
-41.4693,-72.9424,"Puerto Montt, Chile"
-38.7396,-72.5984,"Temuco, Chile"
-53.1548,-70.9113,"Punta Arenas, Chile"
-27.1500,-109.4167,"Easter Island, Chile"
-45.5752,-72.0662,"Coyhaique, Chile"
-36.8270,-73.0503,"Concepcion, Chile"
-33.0153,-71.5500,"Vina del Mar, Chile"
-29.9027,-71.2519,"La Serena, Chile"
-34.1703,-70.7444,"Rancagua, Chile"
-39.2833,-71.9333,"Pucon, Chile"
-34.9011,-56.1645,"Montevideo, Uruguay"
-34.9205,-54.9421,"Punta del Este, Uruguay"
-34.4667,-57.8500,"Colonia del Sacramento, Uruguay"
10.4806,-66.9036,"Caracas, Venezuela"
10.4686,-64.1775,"Isla Margarita, Venezuela"
6.8708,-75.4276,"Canaima, Venezuela"
5.2200,-60.7333,"Angel Falls, Venezuela"
5.8580,-55.0165,"Paramaribo, Suriname"
4.8604,-52.3350,"Cayenne, French Guiana"
6.8013,-58.1551,"Georgetown, Guyana"
-25.2637,-57.5759,"Asuncion, Paraguay"
-25.5163,-54.6170,"Ciudad del Este, Paraguay"

# ============================================
# AFRICA (~80 cities)
# ============================================

# North Africa
30.0444,31.2357,"Cairo, Egypt"
25.6872,32.6396,"Luxor, Egypt"
24.0889,32.8998,"Aswan, Egypt"
31.2001,29.9187,"Alexandria, Egypt"
27.2579,33.8116,"Hurghada, Egypt"
22.3363,31.6003,"Abu Simbel, Egypt"
27.9158,34.3300,"Sharm El Sheikh, Egypt"
36.8065,10.1815,"Tunis, Tunisia"
33.8869,9.5375,"Djerba, Tunisia"
36.4513,10.7357,"Hammamet, Tunisia"
36.7948,10.1657,"Carthage, Tunisia"
36.8002,3.0420,"Algiers, Algeria"
34.0531,-6.7985,"Rabat, Morocco"
33.5731,-7.5898,"Casablanca, Morocco"
31.6295,-7.9811,"Marrakech, Morocco"
30.9335,-6.9370,"Ouarzazate, Morocco"
34.0181,-5.0078,"Fes, Morocco"
35.1740,-5.2697,"Chefchaouen, Morocco"
35.7595,-5.8340,"Tangier, Morocco"
31.5085,-9.7595,"Essaouira, Morocco"
27.1536,-13.2033,"Dakhla, Morocco"
32.3078,-9.2373,"Agadir, Morocco"
32.8867,13.1900,"Tripoli, Libya"

# West Africa
6.5244,3.3792,"Lagos, Nigeria"
9.0765,7.3986,"Abuja, Nigeria"
5.6037,-0.1870,"Accra, Ghana"
6.6885,-1.6244,"Kumasi, Ghana"
14.6928,-17.4467,"Dakar, Senegal"
14.1652,-16.0758,"Saint-Louis, Senegal"
12.6392,-8.0029,"Bamako, Mali"
12.3714,-1.5197,"Ouagadougou, Burkina Faso"
6.8770,-5.2433,"Yamoussoukro, Ivory Coast"
5.3600,-4.0083,"Abidjan, Ivory Coast"
9.5370,-13.6785,"Conakry, Guinea"
13.5137,-16.5780,"Banjul, Gambia"
6.3703,2.3912,"Cotonou, Benin"
6.1319,1.2228,"Lome, Togo"
8.4657,-13.2317,"Freetown, Sierra Leone"

# East Africa
-1.2921,36.8219,"Nairobi, Kenya"
-4.0435,39.6682,"Mombasa, Kenya"
-1.2864,36.8172,"Nairobi NP, Kenya"
-2.4473,37.2581,"Amboseli, Kenya"
-1.4061,36.7178,"Karen, Kenya"
0.5167,35.2833,"Eldoret, Kenya"
-0.0917,34.7680,"Kisumu, Kenya"
-6.7924,39.2083,"Dar es Salaam, Tanzania"
-3.3869,36.6830,"Arusha, Tanzania"
-2.5164,34.8568,"Serengeti, Tanzania"
-3.0674,37.3556,"Kilimanjaro, Tanzania"
-6.1630,39.1989,"Zanzibar, Tanzania"
-2.8611,35.5431,"Ngorongoro, Tanzania"
-4.0500,39.6667,"Malindi, Kenya"
9.0250,38.7469,"Addis Ababa, Ethiopia"
14.1211,38.9281,"Aksum, Ethiopia"
12.5986,37.4686,"Gondar, Ethiopia"
11.5936,37.3906,"Lalibela, Ethiopia"
-1.9403,29.8739,"Kigali, Rwanda"
-1.5700,29.2253,"Volcanoes NP, Rwanda"
-3.3822,29.3644,"Bujumbura, Burundi"
0.3476,32.5825,"Kampala, Uganda"
-0.4547,29.4768,"Bwindi, Uganda"
15.5007,32.5599,"Khartoum, Sudan"
-8.9094,13.2894,"Luanda, Angola"
-15.7861,35.0058,"Blantyre, Malawi"
-11.6876,27.5026,"Lubumbashi, DRC"
-4.4419,15.2663,"Kinshasa, DRC"

# Southern Africa
-33.9249,18.4241,"Cape Town, South Africa"
-26.2041,28.0473,"Johannesburg, South Africa"
-29.8587,31.0218,"Durban, South Africa"
-33.9608,25.6022,"Port Elizabeth, South Africa"
-33.9321,18.8602,"Stellenbosch, South Africa"
-34.0373,23.0467,"Knysna, South Africa"
-25.7461,28.1881,"Pretoria, South Africa"
-24.0167,31.5000,"Kruger NP, South Africa"
-34.0522,18.3702,"Camps Bay, South Africa"
-34.3568,18.4740,"Cape of Good Hope, South Africa"
-34.1610,22.1451,"Oudtshoorn, South Africa"
-26.5225,31.4659,"Mbabane, Eswatini"
-29.3100,27.4833,"Maseru, Lesotho"
-22.3285,17.0830,"Windhoek, Namibia"
-22.5609,17.0658,"Sossusvlei, Namibia"
-19.0000,16.0000,"Etosha NP, Namibia"
-26.6667,15.1667,"Luderitz, Namibia"
-19.8286,34.8389,"Beira, Mozambique"
-25.9653,32.5892,"Maputo, Mozambique"
-23.8634,35.3474,"Inhambane, Mozambique"
-17.8252,31.0335,"Harare, Zimbabwe"
-20.1574,28.5802,"Bulawayo, Zimbabwe"
-17.9243,25.8572,"Victoria Falls, Zimbabwe"
-24.6282,25.9231,"Gaborone, Botswana"
-19.8408,25.2689,"Kasane, Botswana"
-19.1000,23.4167,"Maun, Botswana"
-15.4167,28.2833,"Lusaka, Zambia"
-17.8519,25.8650,"Livingstone, Zambia"
-4.2634,55.4540,"Victoria, Seychelles"
-20.1609,57.5012,"Port Louis, Mauritius"
-18.9249,47.5255,"Antananarivo, Madagascar"
-18.1667,49.4167,"Toamasina, Madagascar"
-21.4536,47.0856,"Fianarantsoa, Madagascar"

# ============================================
# OCEANIA (~70 cities)
# ============================================

# Australia
-33.8688,151.2093,"Sydney, Australia"
-37.8136,144.9631,"Melbourne, Australia"
-27.4698,153.0251,"Brisbane, Australia"
-31.9505,115.8605,"Perth, Australia"
-34.9285,138.6007,"Adelaide, Australia"
-16.9186,145.7781,"Cairns, Australia"
-19.2590,146.8169,"Townsville, Australia"
-12.4634,130.8456,"Darwin, Australia"
-23.7000,133.8807,"Alice Springs, Australia"
-25.2744,133.7751,"Uluru, Australia"
-42.8821,147.3272,"Hobart, Australia"
-28.0167,153.4000,"Gold Coast, Australia"
-26.6534,153.0666,"Noosa, Australia"
-27.9424,153.3971,"Byron Bay, Australia"
-21.1411,149.1861,"Airlie Beach, Australia"
-20.0174,148.7136,"Whitsundays, Australia"
-33.6890,151.2540,"Manly, Australia"
-33.8562,151.2150,"Bondi Beach, Australia"
-37.9089,144.9600,"St Kilda, Australia"
-35.2809,149.1300,"Canberra, Australia"
-16.4827,145.4495,"Port Douglas, Australia"
-32.9283,151.7817,"Newcastle, Australia"
-37.5622,143.8503,"Ballarat, Australia"
-24.8607,152.3479,"Bundaberg, Australia"
-38.6820,146.0472,"Phillip Island, Australia"
-38.3498,144.9811,"Geelong, Australia"
-33.3084,115.6406,"Margaret River, Australia"
-35.0275,117.8840,"Albany, Australia"

# New Zealand
-36.8509,174.7645,"Auckland, New Zealand"
-41.2866,174.7756,"Wellington, New Zealand"
-43.5321,172.6362,"Christchurch, New Zealand"
-45.0312,168.6626,"Queenstown, New Zealand"
-44.6936,169.1320,"Wanaka, New Zealand"
-45.8788,170.5028,"Dunedin, New Zealand"
-38.1368,176.2497,"Rotorua, New Zealand"
-37.7870,175.2793,"Hamilton, New Zealand"
-39.0556,174.0752,"New Plymouth, New Zealand"
-39.4928,176.9120,"Napier, New Zealand"
-41.5001,173.8590,"Nelson, New Zealand"
-46.4132,168.3538,"Invercargill, New Zealand"
-41.0534,173.0403,"Picton, New Zealand"
-45.4138,167.7181,"Milford Sound, New Zealand"
-42.4504,171.2108,"Hokitika, New Zealand"
-44.2406,170.0997,"Mt Cook, New Zealand"
-43.0618,170.4427,"Franz Josef, New Zealand"
-35.2126,174.0020,"Bay of Islands, New Zealand"

# Pacific Islands
-17.7134,178.0650,"Suva, Fiji"
-17.7765,177.4356,"Nadi, Fiji"
-17.6742,-149.4417,"Papeete, Tahiti"
-16.5004,-151.7415,"Bora Bora, French Polynesia"
-14.2710,-170.7020,"Pago Pago, American Samoa"
-13.8333,-171.7500,"Apia, Samoa"
-21.1394,-175.1982,"Nuku'alofa, Tonga"
-22.2758,166.4580,"Noumea, New Caledonia"
-17.7333,168.3167,"Port Vila, Vanuatu"
-9.4438,147.1803,"Port Moresby, Papua New Guinea"
7.1164,171.1855,"Majuro, Marshall Islands"
7.4256,151.7805,"Chuuk, Micronesia"
1.3382,173.1760,"Tarawa, Kiribati"
-8.5569,179.1945,"Funafuti, Tuvalu"
-0.5477,166.9209,"Yaren, Nauru"
-19.0544,-169.8672,"Alofi, Niue"
-21.2075,-159.7756,"Rarotonga, Cook Islands"
13.4443,144.7937,"Tumon, Guam"
15.2123,145.7545,"Saipan, Northern Mariana Islands"
7.5006,134.6243,"Koror, Palau"

# ============================================
# SPECIAL DESTINATIONS (~120 locations)
# ============================================

# Arctic & Extreme North
71.2906,-156.7887,"Utqiagvik (Barrow), Alaska, USA"
70.6634,23.6821,"Hammerfest, Norway"
69.3451,88.2090,"Norilsk, Russia"
66.5000,25.7500,"Arctic Circle, Finland"
64.1814,-51.6941,"Ilulissat, Greenland"
69.2198,-51.0986,"Kangerlussuaq, Greenland"
76.5319,-68.7032,"Qaanaaq, Greenland"
71.7069,-42.6043,"Ittoqqortoormiit, Greenland"
70.4853,-21.9626,"Scoresbysund, Greenland"
68.3500,-166.7500,"Nome, Alaska, USA"
66.5667,-145.5333,"Circle, Alaska, USA"
67.2558,15.3929,"Bodo, Norway"
68.4400,17.4300,"Lofoten Islands, Norway"
70.0624,25.0513,"North Cape, Norway"
69.9667,-23.0167,"Grimsey Island, Iceland"
66.0742,-18.9060,"Siglufjordur, Iceland"
63.4400,10.4000,"Trondheim Fjord, Norway"

# Antarctic & Extreme South
-54.8019,-68.3030,"Ushuaia, Argentina"
-53.1638,-70.9171,"Punta Arenas, Chile"
-51.6226,-69.2181,"Rio Gallegos, Argentina"
-64.2500,-56.6333,"Esperanza Base, Antarctica"
-62.2167,-58.9667,"King George Island, Antarctica"
-77.8500,166.6667,"McMurdo Station, Antarctica"
-75.1000,123.3833,"Vostok Station, Antarctica"
-82.8628,-135.0000,"Amundsen-Scott South Pole Station"
-54.2833,-36.5000,"Grytviken, South Georgia"
-51.7000,-59.0333,"Port Howard, Falkland Islands"
-52.1667,-59.0500,"Goose Green, Falkland Islands"
-46.8833,37.8500,"Port-aux-Francais, Kerguelen Islands"
-49.3500,70.2167,"Port Elizabeth, Heard Island"
-54.5000,-64.0000,"Puerto Williams, Chile"
-52.3333,-169.1500,"Adak, Alaska, USA"

# Remote Atlantic Islands
-15.9650,-5.7089,"Jamestown, St Helena"
-7.9467,-14.3559,"Georgetown, Ascension Island"
-37.0680,-12.3110,"Edinburgh of the Seven Seas, Tristan da Cunha"
-40.3500,-9.9333,"Gough Island"
64.1500,-6.7167,"Torshavn, Faroe Islands"
62.0000,-6.7833,"Mykines, Faroe Islands"
-4.0667,-12.2833,"Diego Garcia"
18.0731,-63.0822,"The Valley, Anguilla"
18.2208,-63.0578,"Sandy Ground, Anguilla"
17.4847,-62.9870,"Oranjestad, Sint Eustatius"
17.4833,-62.8667,"The Bottom, Saba"
12.1696,-68.2769,"Kralendijk, Bonaire"
47.0422,-56.3303,"Saint-Pierre, Saint Pierre and Miquelon"

# Remote Pacific Islands
-24.3768,-128.3242,"Adamstown, Pitcairn Islands"
-25.0662,-130.1027,"Henderson Island, Pitcairn"
-27.1127,-109.3497,"Hanga Roa, Easter Island"
-10.4286,-105.6795,"Flying Fish Cove, Christmas Island"
-12.1869,96.8283,"West Island, Cocos Keeling"
19.7297,-155.0900,"Hilo, Hawaii, USA"
22.2167,-159.5000,"Lihue, Kauai, Hawaii"
21.3156,-158.0000,"Pearl Harbor, Hawaii, USA"
20.7967,-156.4333,"Lahaina, Maui, Hawaii"
-14.2756,-170.7020,"Pago Pago, American Samoa"
-14.3333,-178.1500,"Alofi, Niue"
-8.9333,158.1000,"Honiara, Solomon Islands"
-9.4333,160.0000,"Guadalcanal, Solomon Islands"
5.8833,162.0667,"Palikir, Micronesia"
9.5167,138.1333,"Colonia, Yap, Micronesia"
6.9167,158.2167,"Kolonia, Pohnpei, Micronesia"
0.8833,169.5333,"Yaren District, Nauru"
-0.9000,-169.8667,"Atafu, Tokelau"
-10.8667,-165.4000,"Danger Islands, Cook Islands"

# Remote Indian Ocean
-4.6796,55.4920,"Mahe, Seychelles"
-7.1167,72.4333,"Diego Garcia, BIOT"
-12.2833,44.4000,"Moroni, Comoros"
-12.7806,45.2278,"Mamoudzou, Mayotte"
-21.1151,55.5364,"Saint-Denis, Reunion"
-20.9000,55.4833,"Cirque de Mafate, Reunion"
-20.2500,57.5500,"Grand Baie, Mauritius"
-19.6833,63.4167,"Port Mathurin, Rodrigues"
-3.9667,51.7333,"Aldabra Atoll, Seychelles"

# Extreme Altitude & Geographic Oddities
27.9881,86.9250,"Everest Base Camp, Nepal"
28.5983,83.9311,"Annapurna Base Camp, Nepal"
35.8825,76.5133,"K2 Base Camp, Pakistan"
-0.0236,-78.4374,"Mitad del Mundo, Ecuador"
0.0000,0.0000,"Null Island (0,0)"
-13.1631,-72.5450,"Machu Picchu, Peru"
-22.9068,-43.1729,"Christ the Redeemer, Brazil"
27.1751,78.0421,"Taj Mahal, India"
29.9792,31.1342,"Pyramids of Giza, Egypt"
41.8902,12.4922,"Colosseum, Rome, Italy"
40.4319,116.5704,"Great Wall of China, Badaling"
37.9715,-23.7257,"Petra, Jordan"
-33.8568,151.2153,"Sydney Opera House, Australia"
48.8584,2.2945,"Eiffel Tower, Paris, France"
51.5014,-0.1419,"Big Ben, London, UK"
40.6892,-74.0445,"Statue of Liberty, New York, USA"
-34.6158,-58.4333,"La Boca, Buenos Aires, Argentina"
-23.0026,-43.3065,"Sugarloaf Mountain, Brazil"

# Border Towns & Unique Locations
25.2330,55.2844,"Hatta, UAE"
31.2350,121.5086,"The Bund, Shanghai, China"
22.2783,114.1747,"Victoria Peak, Hong Kong"
1.3521,103.8198,"Marina Bay, Singapore"
13.4125,103.8670,"Angkor Wat, Cambodia"
16.7833,-3.0000,"Timbuktu, Mali"
36.4618,25.4317,"Oia, Santorini, Greece"
45.4408,12.3155,"St Mark's Square, Venice"
-8.4095,115.1889,"Tanah Lot, Bali, Indonesia"
35.0116,135.7681,"Fushimi Inari, Kyoto, Japan"
35.6586,139.7454,"Shibuya Crossing, Tokyo, Japan"
21.4225,39.8262,"Mecca Clock Tower, Saudi Arabia"
-33.9425,18.4000,"Table Mountain, Cape Town"
-43.5948,170.1418,"Fox Glacier, New Zealand"
-44.6475,167.9266,"Milford Sound, New Zealand"
64.0466,-16.1819,"Jokulsarlon, Iceland"
64.3271,-20.1199,"Thingvellir, Iceland"
63.0798,-18.5420,"Landmannalaugar, Iceland"
50.0359,19.9784,"Wieliczka Salt Mine, Poland"
61.2176,-149.8997,"Portage Glacier, Alaska"
58.3,-134.4,"Mendenhall Glacier, Alaska"

# Unique Cultural Sites
51.1789,-1.8262,"Stonehenge, UK"
48.6361,-1.5115,"Mont Saint-Michel, France"
55.7520,37.6175,"Red Square, Moscow, Russia"
59.9398,30.3146,"Hermitage Museum, St Petersburg"
52.5163,13.3777,"Brandenburg Gate, Berlin"
41.4036,2.1744,"Sagrada Familia, Barcelona"
37.1760,-3.5881,"Alhambra, Granada, Spain"
45.4337,12.3381,"Rialto Bridge, Venice, Italy"
43.7230,10.3966,"Leaning Tower of Pisa, Italy"
50.0865,14.4114,"Charles Bridge, Prague"
47.5576,10.7498,"Neuschwanstein Castle, Germany"
46.2276,7.0474,"Matterhorn, Switzerland"
46.5588,8.0017,"Jungfrau, Switzerland"
27.1750,78.0422,"Agra Fort, India"
34.8399,134.6938,"Himeji Castle, Japan"

# Volcanic & Geological Wonders
-9.4333,147.1833,"Kokopo, Papua New Guinea"
-4.1500,151.9667,"Rabaul, Papua New Guinea"
37.7510,14.9934,"Mount Etna, Sicily, Italy"
40.8210,14.4260,"Mount Vesuvius, Italy"
64.4159,-17.3260,"Eyjafjallajokull, Iceland"
19.4211,-155.2879,"Kilauea, Hawaii, USA"
-8.3450,116.4500,"Mount Rinjani, Lombok, Indonesia"
-7.9425,112.9530,"Mount Bromo, Indonesia"
35.3606,138.7274,"Mount Fuji Summit, Japan"
-39.2806,175.5641,"Mount Ruapehu, New Zealand"
-41.0962,-71.8467,"Osorno Volcano, Chile"
-1.4667,29.2333,"Nyiragongo Volcano, DRC"
2.8667,35.2500,"Lake Turkana, Kenya"
-2.4600,29.0600,"Lake Kivu, Rwanda"
40.8280,-109.4510,"Flaming Gorge, Utah, USA"

# Micro-nations & Small States
36.1400,-5.3533,"Gibraltar"
35.8997,14.5147,"Valletta, Malta"
43.9424,12.4578,"San Marino, San Marino"
42.5063,1.5218,"Andorra la Vella, Andorra"
47.1410,9.5209,"Vaduz, Liechtenstein"
49.6117,6.1319,"Luxembourg City, Luxembourg"
43.7384,7.4246,"Monaco"

# Additional Eastern Europe
48.5164,32.2597,"Kropyvnytskyi, Ukraine"
50.4501,30.5234,"Kyiv, Ukraine"
49.8397,24.0297,"Lviv, Ukraine"
46.4825,30.7233,"Odessa, Ukraine"
53.9006,27.5590,"Minsk, Belarus"
42.7339,25.4858,"Plovdiv, Bulgaria"
42.6977,23.3219,"Sofia, Bulgaria"
37.9839,23.7294,"Piraeus, Greece"
38.2466,21.7346,"Patras, Greece"
