lat,lon,location
40.869,45.142,"Ijevan, Armenia"
63.431146,10.394754,"Trondheim, Norway"
41.881362,-73.481678,"Sharon, United States"
43.667,141.989,"Fukagawa, Japan"
21.756,-72.264,"Providenciales, Turks and Caicos Islands"
18.664,98.68,"Ban Mae Mut, Thailand"
9.434,123.387,"Oslob, Philippines"
-4.043,39.595,"Airport ward, Kenya"
2.051,102.57,"Muar, Malaysia"
4.552,115.16,"Temburong District, Brunei"
42.739552,44.627774,"Kazbegi Municipality, Georgia"
-4.022,39.58,"Miritini ward, Kenya"
45.56,-73.565,"Montreal, Canada"
60.309,25.052,"Vantaa, Finland"
45.224,11.727,"Monselice, Italy"
11.06148,106.52601,"Ho Chi Minh City, Vietnam"
36.797,10.163,"Tunis, Tunisia"
4.5517,115.16025,"Temburong District, Brunei"
47.372919,8.54139,"Zurich, Switzerland"
41.054725,45.063049,"Qazakh District, Azerbaijan"
9.43399,123.38637,"Oslob, Philippines"
-1.554853,35.024553,"Siana ward, Kenya"
54.68077,25.29742,"Vilnius, Lithuania"
-8.49324,119.87944,"Labuan Bajo, Indonesia"
33.64088,-84.44622,"Atlanta, United States"
48.40918,-122.64567,"Skagit County, United States"
38.69151,-9.21584,"Lisbon, Portugal"
18.66346,98.67961,"Ban Mae Mut, Thailand"
8.95208,-79.54411,"El Chorrillo, Panama"
43.76881,142.47564,"Asahikawa, Japan"
32.1965,-110.70565,"Pima County, United States"
33.805938,-117.919375,"Anaheim, United States"
33.96106,-80.97115,"Columbia, United States"
21.8185,-72.1477,"Providenciales, Turks and Caicos Islands"
28.472,-81.473,"Orlando, United States"
37.916559,126.69825,"Paju, South Korea"
49.35928,-0.85358,"Colleville-sur-Mer, France"
63.9933,-22.6247,"Suðurnesjabær, Iceland"
-8.681212,119.557223,"Manggarai Barat, Indonesia"
21.81855,-72.14773,"Providenciales, Turks and Caicos Islands"
25.68877,51.55353,"Purple Island, Qatar"
31.25318,121.45228,"Jing'an District, China"
54.66989,25.28461,"Vilnius, Lithuania"
44.67567,-68.22226,"Eastbrook, United States"
-4.06229,39.6796,"Makadara/Mji Wa Kale ward, Kenya"
42.20012,1.32721,"Organyà, Spain"
32.10669,-111.00817,"San Xavier, United States"
42.73977592085481,44.62739081575717,"Kazbegi Municipality, Georgia"
-17.190905,-70.9476,"Moquegua, Peru"
36.06172,-112.10774,"Coconino County, United States"
-1.23435,36.82652,"Nairobi, Kenya"
48.44388,1.49448,"Chartres, France"
39.700574,141.153106,"Morioka, Japan"
-33.4545,-70.6281,"Provincia de Santiago, Chile"
43.64727,-79.37777,"Toronto, Canada"
-13.40634,-71.84154,"Pisac, Peru"
13.97781,120.97881,"San Nicolas, Philippines"
42.53175,44.47239,"Kazbegi Municipality, Georgia"
26.835839,75.889244,"Sanganer Tehsil, India"
-33.40765,-70.5678,"Provincia de Santiago, Chile"
43.349984,77.012367,"Almaty, Kazakhstan"
63.45189,10.91642,"Stjørdal, Norway"
-33.72088,150.28425,"Blue Mountains City Council, Australia"
25.06143,102.71951,"Kunming, China"
25.97699,51.04518,"Al Zubara Fort, Qatar"
25.17073,121.55351,"Taipei, Taiwan"
41.6047,-87.3377,"Gary, United States"
35.827462443542736,10.638971218218375,"Sousse, Tunisia"
14.59799,-90.51405,"Guatemala City, Guatemala"
51.14595,71.41241,"Nura district, Kazakhstan"
39.50335,67.45959,"Bostondeh, Tajikistan"
39.87916,44.575267,"Ararat community, Armenia"
56.04595,12.69287,"Helsingborg, Sweden"
25.17228,51.61124,"Al Wakrah, Qatar"
41.41902,19.71542,"Kruja, Albania"
28.47245,-81.47316,"Orlando, United States"
-1.35496,36.89935,"Nairobi, Kenya"
69.42765,19.58288,"Tromsø, Norway"
45.4577888,12.3579625,"Venice, Italy"
50.83873,4.37407,"Ixelles - Elsene, Belgium"
33.8059384,-117.9193748,"Anaheim, United States"
42.74027,44.6272,"Kazbegi Municipality, Georgia"
13.91663,100.60142,"Bangkok, Thailand"
38.76907,-9.12845,"Lisbon, Portugal"
25.97662,51.04537,"Al Zubara Fort, Qatar"
35.82746,10.63856,"Sousse, Tunisia"
42.50852,1.51869,"Andorra la Vella, Andorra"
41.26227,28.74194,"Arnavutköy, Turkey"
-16.8185,145.63319,"Kuranda, Australia"
53.0857148,8.8086979,"Stadtgebiet Bremen, Germany"
69.68007,18.90873,"Tromsø, Norway"
40.90735,29.31659,"Pendik, Turkey"
54.64929,24.93219,"Trakai, Lithuania"
42.3618629,59.974438,"Ámiwdárya rayonı, Uzbekistan"
55.703244,13.19254,"Lund, Sweden"
44.82108,20.45153,"Belgrade, Serbia"
44.823335,20.450802,"Belgrade, Serbia"
48.350944,11.81161,"Oberding, Germany"
52.69312,-8.92036,"Shannon Municipal District, Ireland"
55.29979,10.85255,"Nyborg Municipality, Denmark"
41.392861,2.157983,"Barcelona, Spain"
29.66026,35.48328,"Ash Shākirīyah, Jordan"
-2.9385548,38.4169642,"Wundanyi, Kenya"
59.65105,17.92708,"Sigtuna kommun, Sweden"
44.056625,12.5714056,"Rimini, Italy"
48.44442,1.49507,"Chartres, France"
54.63316,25.11737,"Vilnius, Lithuania"
41.31299,19.81627,"Tirana, Albania"
50.25749,19.01729,"Katowice, Poland"
49.19734,-0.38402,"Caen, France"
57.18226,24.85026,"Sigulda, Latvia"
44.79806,20.46917,"Belgrade, Serbia"
54.8971,23.88151,"Kaunas, Lithuania"
50.20353,9.19355,"Gelnhausen-Mitte, Germany"
54.6698707,25.2847955,"Vilnius, Lithuania"
39.71928,21.63703,"Kalabaka, Greece"
41.23716,-8.67055,"Moreira, Portugal"
53.33445,-6.22877,"Dublin 4, Ireland"
50.89746,4.33869,"Brussels, Belgium"
50.07764,19.99328,"Krakow, Poland"
44.8185,20.29017,"Surcin Urban Municipality, Serbia"
53.62531,11.41912,"Schwerin, Germany"
52.36307,13.50775,"Schönefeld, Germany"
48.14339,16.48311,"Schwechat, Austria"
53.0967,-8.39,"Loughrea Municipal District, Ireland"
60.30903,25.05201,"Vantaa, Finland"
55.51469,9.7065,"Middelfart, Denmark"
51.48692,-0.62281,"Eton, United Kingdom"
44.72092,20.42357,"Belgrade, Serbia"
43.55239,7.01672,"Cannes, France"
40.36669,-3.70453,"Madrid, Spain"
50.26575,19.02727,"Katowice, Poland"
53.43079,-6.24907,"Fingal, Ireland"
42.14569,44.76477,"Dusheti Municipality, Georgia"
42.17916,1.31763,"Coll de Nargó, Spain"
48.44511,1.48761,"Chartres, France"
54.88776,23.93474,"Kaunas, Lithuania"
51.75235,-0.33857,"St Albans, United Kingdom"
45.45782,12.35796,"Venice, Italy"
49.19443,16.59759,"Brno, Czechia"
50.83603,4.33655,"Saint-Gilles - Sint-Gillis, Belgium"
52.2550128,6.1452349,"Deventer, Netherlands"
44.654,10.93005,"Modena, Italy"
43.74076,7.42585,"Monaco, Monaco"
41.26204,28.73979,"Arnavutköy, Turkey"
57.18906,24.84709,"Krimuldas pagasts, Latvia"
46.91098,18.04626,"Siófok, Hungary"
50.20137,5.31219,"Marche-en-Famenne, Belgium"
55.56786,9.7393,"Fredericia, Denmark"
47.46219,19.14822,"Budapest, Hungary"
8.99763,-79.59185,"Ancón, Panama"
45.30269,-121.6724,"Hood River County, United States"
42.85998,-90.17974,"Mineral Point, United States"
-23.92093,-67.6969,"San Pedro de Atacama, Chile"
43.02781,-87.97167,"Milwaukee, United States"
-33.45451,-70.62807,"Provincia de Santiago, Chile"
4.60865,-74.06612,"Bogota, Colombia"
45.78027,126.61396,"Harbin, China"
11.5649,104.9318,"Khan Daun Penh, Cambodia"
25.9768941,51.0453283,"Al Zubara Fort, Qatar"
30.24126,120.14961,"Hangzhou, China"
43.10873,-71.4771,"Hooksett, United States"
24.78027,51.45964,
18.7879765,98.9935766,"Chiang Mai, Thailand"
32.19662,-110.70578,"Pima County, United States"
27.15778,78.05376,"Agra, India"
42.55591,74.49229,"Alamüdün District, Kyrgyzstan"
32.97058,35.49309,"Safed, Israel"
34.81366,138.22083,"Shimada, Japan"
41.379196,2.17596,"Barcelona, Spain"
-13.53713,-71.94379,"Wanchaq, Peru"
39.7255,21.63186,"Kalabaka, Greece"
44.79831,20.46911,"Belgrade, Serbia"
41.31983,19.82342,"Tirana, Albania"
46.90614,18.0524,"Siófok, Hungary"
40.56414,45.01111,"Sevan peninsula, Armenia"
41.31671,19.82618,"Tirana, Albania"
50.63752,3.04826,"Lille, France"
48.5801,7.74298,"Strasbourg, France"
47.4834222,19.0572583,"Budapest, Hungary"
51.4735,-0.463442,"London, United Kingdom"
41.9018,12.4562,"Crescenzio di Roma, Vatican City"
56.96711,23.77408,"Jūrmala, Latvia"
50.10854,8.6876,"Frankfurt, Germany"
41.38012,2.17538,"Barcelona, Spain"
51.48272,-0.60713,"Windsor, United Kingdom"
50.10934,8.68513,"Frankfurt, Germany"
43.58522,7.12208,"Antibes, France"
50.06729,19.94515,"Krakow, Poland"
52.44243,4.82402,"Zaandam, Netherlands"
50.05064,8.57123,"Frankfurt, Germany"
40.4051072,-3.6873695,"Madrid, Spain"
40.47269,-3.68131,"Madrid, Spain"
44.80682,20.46446,"Belgrade, Serbia"
56.9031944,23.4531972,"Slampes pagasts, Latvia"
49.45837,2.11163,"Tillé, France"
42.505739,1.5211796,"Andorra la Vella, Andorra"
50.0362472,19.1804917,"Brzezinka, Poland"
54.6662472,25.2706556,"Vilnius, Lithuania"
49.89369,2.30325,"Amiens, France"
47.37694,8.53973,"Zurich, Switzerland"
53.13771,-9.70573,"Conamara Municipal District, Ireland"
53.62261,11.4183,"Schwerin, Germany"
51.49294,-0.22461,"London, United Kingdom"
45.43398,12.33914,"Venice, Italy"
44.50718,11.34448,"Bologna, Italy"
48.1839,16.31506,"Vienna, Austria"
55.61057,12.99941,"Malmö, Sweden"
40.9612954,-5.6655993,"Salamanca, Spain"
55.30035,10.85621,"Nyborg Municipality, Denmark"
-22.49511,-68.9073,"Calama, Chile"
54.646685,24.93933,"Trakai, Lithuania"
33.52873,130.55192,"Dazaifu, Japan"
32.1067,-111.00784,"San Xavier, United States"
48.18369,16.31197,"Vienna, Austria"
9.06789,-79.38569,"Tocumen, Panama"
45.01576,-73.08531,"Philipsburg, Canada"
26.20649,127.64538,"Naha, Japan"
-12.02419,-77.10843,"Callao, Peru"
41.9742,-87.88225,"Jefferson Township, United States"
9.48594,123.36956,"Oslob, Philippines"
29.51806,35.4934,"Al Quairah Sub-District, Jordan"
28.472421,-81.473158,"Orlando, United States"
45.51802,-122.70879,"Portland, United States"
4.71189,-74.16811,"Funza, Colombia"
41.57262,61.03257,"Turtkul, Uzbekistan"
4.30156,101.15482,"Kampar, Malaysia"
-8.8136,115.1672,"Ungasan, Indonesia"
27.15701,78.05393,"Agra, India"
41.908,-72.27251,"Willington, United States"
43.76768,142.36036,"Asahikawa, Japan"
9.01118,38.76317,"Kirkos, Ethiopia"
19.89361,102.13361,"Luang Prabang, Laos"
56.90272,23.45474,"Slampes pagasts, Latvia"
36.06173,-112.1077,"Coconino County, United States"
-0.32614,36.15709,"Barnabas, Kenya"
38.74374,141.06876,"Kurihara, Japan"
20.85173,107.09707,"Hang Luon Lake, Vietnam"
31.30466,34.43152,"Eshkol Regional Council, Israel"
51.403193,-0.337207,"London, United Kingdom"
1.359092,103.99478,"Singapore, Singapore"
36.77019,137.4,"Namerikawa, Japan"
43.084606,-79.076752,"Niagara Falls, Canada"
41.6625,-87.06349,"Chesterton, United States"
4.69909,-74.1414,"Bogota, Colombia"
40.98955,117.93697,"Chengde, China"
9.9974,-84.20341,"Río Segundo, Costa Rica"
36.32251,139.01418,"Takasaki, Japan"
29.9723,31.12245,"Giza, Egypt"
-7.81869,110.36619,"Yogyakarta, Indonesia"
-33.63564,150.28503,"Blackheath, Australia"
43.22399,76.96261,"Almaty, Kazakhstan"
35.84674,138.33539,"Hokuto, Japan"
34.23938,132.70618,"Kure, Japan"
36.09164,139.72507,"Satte, Japan"
35.29195,135.12811,"Fukuchiyama, Japan"
26.69381,127.8779,"Motobu, Japan"
37.29114,140.33284,"Sukagawa, Japan"
35.79275,139.26337,"Tokyo, Japan"
31.80262,130.71532,"Kirishima, Japan"
43.76556,142.47464,"Asahikawa, Japan"
35.38841,136.93936,"Inuyama, Japan"
34.31837,135.61431,"Hashimoto, Japan"
36.75825,139.59661,"Nikko, Japan"
36.56364,138.1848,"Nagano, Japan"
34.26107,133.07284,"Onomichi, Japan"
36.4012,136.87877,"Nanto, Japan"
35.60937,140.11904,"Chiba, Japan"
34.68039,131.83789,"Masuda, Japan"
34.07222,134.55532,"Tokushima, Japan"
35.46463,139.61912,"Yokohama, Japan"
40.82765,140.74015,"Aomori, Japan"
34.40311,132.4505,"Hiroshima, Japan"
36.05418,136.35704,"Eiheiji, Japan"
34.09782,131.40653,"Yamaguchi, Japan"
35.6818,139.78707,"Tokyo, Japan"
35.17569,137.08939,"Nagakute, Japan"
42.78797,141.68814,"Chitose, Japan"
33.59488,130.38394,"Fukuoka, Japan"
34.97745,138.38526,"Shizuoka, Japan"
32.778062,128.853515,"Goto, Japan"
35.00975,135.72556,"Kyoto, Japan"
38.25637,140.32755,"Yamagata, Japan"
35.78074,140.38624,"Narita, Japan"
34.64256,135.41224,"Osaka, Japan"
35.6926,138.74367,"Koshu, Japan"
38.249042,140.891922,"Sendai, Japan"
34.65857,135.21664,"Kobe, Japan"
37.02538,137.81482,"Itoigawa, Japan"
42.23589,140.31235,"Yakumo, Japan"
38.32311,140.88055,"Sendai, Japan"
35.65621,136.05374,"Tsuruga, Japan"
33.19701,130.02248,"Takeo, Japan"
-6.13482,106.81354,"Jakarta, Indonesia"
42.21452,-83.35377,"Romulus, United States"
21.89711,120.85796,"Hengchun, Taiwan"
48.04039,-122.40831,"Langley, United States"
20.24728,105.91375,"Hoa Lư, Vietnam"
33.78809,-84.38769,"Atlanta, United States"
29.66052,35.48365,"Ash Shākirīyah, Jordan"
14.56417,-90.73162,"Antigua Guatemala, Guatemala"
33.22051,132.56394,"Uwajima, Japan"
43.72805,7.36105,"Eze, France"
40.1621,44.29167,"Vagharshapat, Armenia"
14.5598,-90.73423,"Antigua Guatemala, Guatemala"
36.23791,137.96974,"Matsumoto, Japan"
-1.23279,36.81561,"Nairobi, Kenya"
-6.919,107.6098,"Bandung, Indonesia"
36.00713,14.33007,"Għajnsielem, Malta"
41.64798,-87.06259,"Porter County, United States"
34.22819,131.30423,"Mine, Japan"
29.9696,31.12658,"Giza, Egypt"
33.1333,139.7718,"Tokyo, Japan"
-0.31181,36.12314,"Nakuru East ward, Kenya"
40.94788,-4.11728,"Segovia, Spain"
14.63816,-91.22954,"Santiago Atitlán, Guatemala"
-16.35989,-71.61099,"Cerro Colorado, Peru"
43.76177,142.35886,"Asahikawa, Japan"
-13.16532,-72.54448,"Machupicchu, Peru"
35.83543,129.22672,"Gyeongju, South Korea"
53.56848,9.96184,"Hamburg, Germany"
13.73271,100.54155,"Bangkok, Thailand"
9.03804,38.76214,"Addis Ababa, Ethiopia"
-13.40729,-71.84381,"Pisac, Peru"
-23.73847,-67.78993,"San Pedro de Atacama, Chile"
44.35306,-68.22333,"Bar Harbor, United States"
-33.3991,-70.57116,"Vitacura, Chile"
10.3685,123.8735,"Cebu City, Philippines"
45.432213,141.666649,"Wakkanai, Japan"
45.24623,141.23045,"Rishirifuji, Japan"
45.22772,141.24558,"Rishirifuji, Japan"
33.67421,135.88761,"Nachikatsuura, Japan"
39.91408,116.39167,"Dongcheng, China"
39.99863,116.26838,"Haidian, China"
45.30269,-121.6742,"Hood River County, United States"
25.05153,102.7014,"Kunming, China"
24.81768,103.32396,"Kunming, China"
24.92453,110.516128,"Guilin, China"
-13.154308,-72.528269,"Machu Picchu Pueblo, Peru"
30.62046,114.25692,"Wuhan, China"
9.99735,-84.20376,"San José, Costa Rica"
38.32803,141.08625,"Shiogama, Japan"
23.922226,106.62232,"Baise, China"
29.84957,31.25481,"Mit Rahinah, Egypt"
29.57051,106.58442,"Yuzhong, China"
13.97756,120.97838,"San Nicolas, Philippines"
37.85086,15.28087,"Taormina, Italy"
36.0702,120.31541,"Qingdao, China"
32.01576,118.77629,"Nanjing, China"
25.69691,100.15488,"Dali, China"
14.59461,120.97919,"Manila, Philippines"
53.48889,-10.02111,"Clifden, Ireland"
1.28891,103.85519,"Singapore, Singapore"
45.46374,140.96791,"Rebun, Japan"
43.70381,7.25389,"Nice, France"
33.8059,-117.919375,"Anaheim, United States"
27.8617,99.70567,"Jiantang, China"
4.57747,115.12182,"Temburong District, Brunei"
-1.5548,35.024553,"Siana ward, Kenya"
51.11825,71.46834,"Astana, Kazakhstan"
-33.6356,150.28503,"Blackheath, Australia"
39.68442,45.23297,"Areni Community, Armenia"
14.63816,-91.2295,"Santiago Atitlán, Guatemala"
37.20576,112.16222,"Jinzhong, China"
-33.45265,-70.97648,"Curacaví, Chile"
32.00398,34.8724,"Ramla Subdistrict, Israel"
39.019999,115.6308611,"Baoding, China"
8.9848389,38.7924167,"Bole, Ethiopia"
53.5597916,-9.8911088,"Conamara Municipal District, Ireland"
-13.3292806,-72.1955944,"Maras, Peru"
36.04914,14.26513,"Xaghra, Malta"
40.94847,-4.11841,"Segovia, Spain"
41.39997,2.16881,"Barcelona, Spain"
29.5502,106.5476,"Yuzhong, China"
36.53696,128.52044,"Andong, South Korea"
31.60771,130.47363,"Kagoshima, Japan"
59.911503,10.750369,"Oslo, Norway"
45.5036,-73.58679,"Montreal, Canada"
