[{"n":"London, UK","lat":51.5074,"lng":-0.1278},{"n":"Manchester, UK","lat":53.4808,"lng":-2.2426},{"n":"Edinburgh, UK","lat":55.9533,"lng":-3.1883},{"n":"Leeds, UK","lat":53.8008,"lng":-1.5491},{"n":"Birmingham, UK","lat":52.4862,"lng":-1.8904},{"n":"Bristol, UK","lat":51.4545,"lng":-2.5879},{"n":"Glasgow, UK","lat":55.8642,"lng":-4.2518},{"n":"Newcastle, UK","lat":54.9783,"lng":-1.6178},{"n":"Cardiff, UK","lat":51.4816,"lng":-3.1791},{"n":"Liverpool, UK","lat":53.4084,"lng":-2.9916},{"n":"Leicester, UK","lat":52.6309,"lng":-1.1398},{"n":"Bath, UK","lat":51.3758,"lng":-2.3599},{"n":"Winchester, UK","lat":51.2802,"lng":-1.0789},{"n":"Cambridge, UK","lat":52.2053,"lng":0.1218},{"n":"Oxford, UK","lat":51.752,"lng":-1.2577},{"n":"Brighton, UK","lat":50.8225,"lng":-0.1372},{"n":"Bournemouth, UK","lat":50.7184,"lng":-1.8808},{"n":"Plymouth, UK","lat":50.3755,"lng":-4.1427},{"n":"Penzance, UK","lat":50.1193,"lng":-5.537},{"n":"Belfast, UK","lat":54.5973,"lng":-5.9301},{"n":"Dublin, Ireland","lat":53.3498,"lng":-6.2603},{"n":"Cork, Ireland","lat":51.8985,"lng":-8.4756},{"n":"Galway, Ireland","lat":53.2707,"lng":-9.0568},{"n":"Limerick, Ireland","lat":52.6638,"lng":-8.6267},{"n":"Armagh, UK","lat":54.3503,"lng":-6.6528},{"n":"Inverness, UK","lat":57.4778,"lng":-4.2247},{"n":"Dundee, UK","lat":56.462,"lng":-2.9707},{"n":"St Andrews, UK","lat":56.3398,"lng":-2.7967},{"n":"Paris, France","lat":48.8566,"lng":2.3522},{"n":"Nice, France","lat":43.7102,"lng":7.262},{"n":"Marseille, France","lat":43.2965,"lng":5.3698},{"n":"Lyon, France","lat":45.764,"lng":4.8357},{"n":"Bordeaux, France","lat":44.8378,"lng":-0.5792},{"n":"Toulouse, France","lat":43.6047,"lng":1.4442},{"n":"Nantes, France","lat":47.2184,"lng":-1.5536},{"n":"Strasbourg, France","lat":48.5734,"lng":7.7521},{"n":"Lille, France","lat":50.6292,"lng":3.0573},{"n":"Montpellier, France","lat":43.6108,"lng":3.8767},{"n":"Dijon, France","lat":47.322,"lng":5.0415},{"n":"Rouen, France","lat":49.4432,"lng":1.0993},{"n":"Rennes, France","lat":48.1173,"lng":-1.6778},{"n":"Grenoble, France","lat":45.1885,"lng":5.7245},{"n":"Aix-en-Provence, France","lat":43.5297,"lng":5.4474},{"n":"Avignon, France","lat":43.9493,"lng":4.8055},{"n":"Reims, France","lat":49.2583,"lng":4.0317},{"n":"Poitiers, France","lat":46.5802,"lng":-0.3404},{"n":"Bourges, France","lat":47.0502,"lng":2.3988},{"n":"Cinque Terre, Italy","lat":44.1,"lng":9.8241},{"n":"Versailles, France","lat":48.8049,"lng":2.1204},{"n":"Nimes, France","lat":43.8376,"lng":4.3601},{"n":"Caen, France","lat":49.1829,"lng":-0.3707},{"n":"Brest, France","lat":48.3904,"lng":-4.4861},{"n":"Lorient, France","lat":47.7486,"lng":-3.367},{"n":"La Rochelle, France","lat":46.1591,"lng":-1.152},{"n":"Cannes, France","lat":43.4832,"lng":6.7511},{"n":"Antibes, France","lat":43.5528,"lng":7.0174},{"n":"Annecy, France","lat":45.8992,"lng":6.1294},{"n":"Le Puy-en-Velay, France","lat":45.044,"lng":3.8847},{"n":"Macon, France","lat":46.3169,"lng":4.8343},{"n":"Madrid, Spain","lat":40.4168,"lng":-3.7038},{"n":"Barcelona, Spain","lat":41.3851,"lng":2.1734},{"n":"Seville, Spain","lat":37.3891,"lng":-5.9845},{"n":"Malaga, Spain","lat":36.7213,"lng":-4.4214},{"n":"Valencia, Spain","lat":39.4699,"lng":-0.3763},{"n":"Granada, Spain","lat":37.1773,"lng":-3.5986},{"n":"Bilbao, Spain","lat":43.263,"lng":-2.935},{"n":"Santa Cruz de Tenerife, Spain","lat":28.2916,"lng":-16.6291},{"n":"Las Palmas, Gran Canaria, Spain","lat":28.1235,"lng":-15.4363},{"n":"Maspalomas, Gran Canaria, Spain","lat":27.9202,"lng":-15.5474},{"n":"Lanzarote, Spain","lat":28.9651,"lng":-13.55},{"n":"Cadiz, Spain","lat":36.5298,"lng":-6.2926},{"n":"Santiago de Compostela, Spain","lat":42.8782,"lng":-8.5448},{"n":"Zaragoza, Spain","lat":41.6488,"lng":-0.8891},{"n":"Toledo, Spain","lat":39.8628,"lng":-4.0273},{"n":"Badajoz, Spain","lat":38.9067,"lng":-6.3536},{"n":"Almeria, Spain","lat":36.8381,"lng":-2.4597},{"n":"Alicante, Spain","lat":38.3452,"lng":-0.481},{"n":"Palma de Mallorca, Spain","lat":39.5696,"lng":2.6502},{"n":"Ibiza, Spain","lat":38.9087,"lng":1.4328},{"n":"Menorca, Spain","lat":39.9496,"lng":4.1104},{"n":"Tarragona, Spain","lat":40.9701,"lng":0.7894},{"n":"Salou, Spain","lat":41.1189,"lng":1.2445},{"n":"Oviedo, Spain","lat":43.3614,"lng":-5.8593},{"n":"Santander, Spain","lat":43.4623,"lng":-3.81},{"n":"Vigo, Spain","lat":42.2406,"lng":-8.7207},{"n":"Valladolid, Spain","lat":41.6523,"lng":-4.7245},{"n":"Salamanca, Spain","lat":40.965,"lng":-5.6642},{"n":"Alcala de Henares, Spain","lat":40.6405,"lng":-3.1674},{"n":"Cordoba, Spain","lat":37.8882,"lng":-4.7794},{"n":"Gibraltar","lat":36.1408,"lng":-5.3536},{"n":"Lisbon, Portugal","lat":38.7223,"lng":-9.1393},{"n":"Porto, Portugal","lat":41.1579,"lng":-8.6291},{"n":"Faro, Portugal","lat":37.0179,"lng":-7.9304},{"n":"Lagos, Portugal","lat":37.1022,"lng":-8.673},{"n":"Funchal, Madeira, Portugal","lat":32.6669,"lng":-16.9241},{"n":"Ponta Delgada, Azores, Portugal","lat":37.7894,"lng":-25.5131},{"n":"Cascais, Portugal","lat":38.6916,"lng":-9.216},{"n":"Sintra, Portugal","lat":38.7071,"lng":-9.1355},{"n":"Coimbra, Portugal","lat":40.2033,"lng":-8.4103},{"n":"Braga, Portugal","lat":41.4425,"lng":-8.2918},{"n":"Fatima, Portugal","lat":39.454,"lng":-8},{"n":"Rome, Italy","lat":41.9028,"lng":12.4964},{"n":"Milan, Italy","lat":45.4642,"lng":9.19},{"n":"Florence, Italy","lat":43.7696,"lng":11.2558},{"n":"Venice, Italy","lat":45.4408,"lng":12.3155},{"n":"Naples, Italy","lat":40.8518,"lng":14.2681},{"n":"Bologna, Italy","lat":44.4949,"lng":11.3426},{"n":"Turin, Italy","lat":45.0703,"lng":7.6869},{"n":"Siena, Italy","lat":43.3188,"lng":11.3308},{"n":"Perugia, Italy","lat":43.1107,"lng":12.3908},{"n":"Amalfi, Italy","lat":40.6401,"lng":14.6027},{"n":"Positano, Italy","lat":40.6263,"lng":14.3758},{"n":"Pompeii, Italy","lat":40.7461,"lng":14.4989},{"n":"Herculaneum, Italy","lat":40.826,"lng":14.4261},{"n":"Trieste, Italy","lat":45.6495,"lng":13.7768},{"n":"Verona, Italy","lat":45.4385,"lng":10.9916},{"n":"Bolzano, Italy","lat":46.4983,"lng":11.3548},{"n":"Burano, Italy","lat":45.4384,"lng":12.3267},{"n":"Pescara, Italy","lat":42.4643,"lng":14.2141},{"n":"Prato, Italy","lat":43.8777,"lng":11.1023},{"n":"Pisa, Italy","lat":43.5481,"lng":10.3105},{"n":"Rimini, Italy","lat":44.0558,"lng":12.5683},{"n":"Brescia, Italy","lat":45.5416,"lng":10.2118},{"n":"Bari, Italy","lat":41.1256,"lng":16.862},{"n":"Palermo, Sicily, Italy","lat":38.1157,"lng":13.3615},{"n":"Catania, Sicily, Italy","lat":37.5023,"lng":15.0873},{"n":"Ragusa, Sicily, Italy","lat":36.932,"lng":14.7357},{"n":"Syracuse, Sicily, Italy","lat":37.0679,"lng":15.2865},{"n":"Olbia, Sardinia, Italy","lat":40.9204,"lng":9.4959},{"n":"Cagliari, Sardinia, Italy","lat":39.2238,"lng":9.1217},{"n":"Lake Como, Italy","lat":45.8083,"lng":8.8333},{"n":"Lake Garda, Italy","lat":45.6606,"lng":10.6452},{"n":"Capri, Italy","lat":40.7529,"lng":13.9466},{"n":"Taormina, Sicily, Italy","lat":37.7551,"lng":14.9934},{"n":"Berlin, Germany","lat":52.52,"lng":13.405},{"n":"Munich, Germany","lat":48.1351,"lng":11.582},{"n":"Frankfurt, Germany","lat":50.1109,"lng":8.6821},{"n":"Hamburg, Germany","lat":53.5511,"lng":9.9937},{"n":"Cologne, Germany","lat":50.9375,"lng":6.9603},{"n":"Dusseldorf, Germany","lat":51.2277,"lng":6.7735},{"n":"Stuttgart, Germany","lat":48.7758,"lng":9.1829},{"n":"Dresden, Germany","lat":51.0504,"lng":13.7373},{"n":"Leipzig, Germany","lat":51.3397,"lng":12.3731},{"n":"Hannover, Germany","lat":52.3759,"lng":9.732},{"n":"Nuremberg, Germany","lat":49.4521,"lng":11.0767},{"n":"Bremen, Germany","lat":53.0793,"lng":8.8017},{"n":"Wiesbaden, Germany","lat":50.0782,"lng":8.2398},{"n":"Mainz, Germany","lat":49.9929,"lng":8.2473},{"n":"Freiburg, Germany","lat":47.999,"lng":7.8421},{"n":"Saarbrucken, Germany","lat":49.2327,"lng":7.0005},{"n":"Karlsruhe, Germany","lat":49.0069,"lng":8.4037},{"n":"Augsburg, Germany","lat":48.3705,"lng":10.8978},{"n":"Basel (CH border), Germany","lat":47.5596,"lng":7.5886},{"n":"Prague, Czech Republic","lat":50.0755,"lng":14.4378},{"n":"Vienna, Austria","lat":48.2082,"lng":16.3738},{"n":"Basel, Switzerland","lat":47.5596,"lng":7.5886},{"n":"Zurich, Switzerland","lat":47.3769,"lng":8.5417},{"n":"Bern, Switzerland","lat":46.948,"lng":7.4474},{"n":"Geneva, Switzerland","lat":46.2044,"lng":6.1432},{"n":"Lugano, Switzerland","lat":46.0037,"lng":8.9511},{"n":"Lucerne, Switzerland","lat":46.8182,"lng":8.2275},{"n":"Lausanne, Switzerland","lat":46.5197,"lng":6.6323},{"n":"Basel, Switzerland","lat":47.5584,"lng":7.5733},{"n":"Lucerne, Switzerland","lat":47.0502,"lng":8.3093},{"n":"Interlaken, Switzerland","lat":46.6863,"lng":7.8632},{"n":"Zermatt, Switzerland","lat":46.0207,"lng":7.7491},{"n":"St. Moritz, Switzerland","lat":46.4908,"lng":9.8355},{"n":"St. Gallen, Switzerland","lat":47.4245,"lng":9.3767},{"n":"Amsterdam, Netherlands","lat":52.3676,"lng":4.9041},{"n":"Rotterdam, Netherlands","lat":51.9225,"lng":4.4792},{"n":"Utrecht, Netherlands","lat":52.0907,"lng":5.1214},{"n":"Leiden, Netherlands","lat":52.1601,"lng":4.497},{"n":"Eindhoven, Netherlands","lat":51.4416,"lng":5.4697},{"n":"Enschede, Netherlands","lat":52.2215,"lng":6.8937},{"n":"Nijmegen, Netherlands","lat":51.8126,"lng":5.8372},{"n":"Groningen, Netherlands","lat":53.2194,"lng":6.5665},{"n":"Eindhoven, Netherlands","lat":51.4381,"lng":5.4752},{"n":"Brussels, Belgium","lat":50.8503,"lng":4.3517},{"n":"Ghent, Belgium","lat":51.0543,"lng":3.7174},{"n":"Bruges, Belgium","lat":51.2093,"lng":3.2247},{"n":"Liege, Belgium","lat":50.6326,"lng":5.5797},{"n":"Antwerp, Belgium","lat":51.2194,"lng":4.4025},{"n":"Luxembourg City, Luxembourg","lat":49.6117,"lng":6.1319},{"n":"Oslo, Norway","lat":59.9139,"lng":10.7522},{"n":"Bergen, Norway","lat":60.3913,"lng":5.3221},{"n":"Trondheim, Norway","lat":63.4305,"lng":10.3951},{"n":"Tromso, Norway","lat":69.6492,"lng":18.9553},{"n":"Narvik, Norway","lat":68.4385,"lng":17.4272},{"n":"Alesund, Norway","lat":62.4722,"lng":6.1495},{"n":"Geirangerfjord, Norway","lat":60.868,"lng":8.016},{"n":"Longyearbyen, Svalbard","lat":78.2232,"lng":15.6267},{"n":"Stockholm, Sweden","lat":59.3293,"lng":18.0686},{"n":"Gothenburg, Sweden","lat":57.7089,"lng":11.9746},{"n":"Malmo, Sweden","lat":55.605,"lng":13.0038},{"n":"Umea, Sweden","lat":63.8258,"lng":20.263},{"n":"Kiruna, Sweden","lat":67.8558,"lng":20.2253},{"n":"Rovaniemi, Finland","lat":66.5039,"lng":25.7294},{"n":"Helsinki, Finland","lat":60.1699,"lng":24.9384},{"n":"Turku, Finland","lat":60.4518,"lng":22.2666},{"n":"Tampere, Finland","lat":61.4978,"lng":23.761},{"n":"Copenhagen, Denmark","lat":55.6761,"lng":12.5683},{"n":"Aarhus, Denmark","lat":56.1629,"lng":10.2039},{"n":"Odense, Denmark","lat":55.4038,"lng":10.4024},{"n":"Reykjavik, Iceland","lat":64.1466,"lng":-21.9426},{"n":"Gullfoss, Iceland","lat":64.9631,"lng":-19.0208},{"n":"Vik, Iceland","lat":63.4194,"lng":-19.0096},{"n":"Akureyri, Iceland","lat":65.6835,"lng":-18.0878},{"n":"Krakow, Poland","lat":50.0647,"lng":19.945},{"n":"Warsaw, Poland","lat":52.2297,"lng":21.0122},{"n":"Wroclaw, Poland","lat":51.1079,"lng":17.0385},{"n":"Gdansk, Poland","lat":54.352,"lng":18.6466},{"n":"Lodz, Poland","lat":51.7592,"lng":19.456},{"n":"Auschwitz, Poland","lat":50.0614,"lng":19.9372},{"n":"Budapest, Hungary","lat":47.4979,"lng":19.0402},{"n":"Ljubljana, Slovenia","lat":46.0569,"lng":14.5058},{"n":"Zagreb, Croatia","lat":45.815,"lng":15.9819},{"n":"Split, Croatia","lat":43.5081,"lng":16.4402},{"n":"Dubrovnik, Croatia","lat":42.6507,"lng":18.0944},{"n":"Rijeka, Croatia","lat":45.3271,"lng":14.4422},{"n":"Zadar, Croatia","lat":44.1194,"lng":15.2314},{"n":"Hvar, Croatia","lat":43.5147,"lng":16.4435},{"n":"Korcula, Croatia","lat":42.9764,"lng":17.61},{"n":"Belgrade, Serbia","lat":44.8125,"lng":20.4612},{"n":"Podgorica, Montenegro","lat":42.4304,"lng":19.2594},{"n":"Kotor, Montenegro","lat":42.4244,"lng":18.7712},{"n":"Budva, Montenegro","lat":42.2862,"lng":18.8373},{"n":"Tirana, Albania","lat":41.3275,"lng":19.8187},{"n":"Skopje, North Macedonia","lat":41.9981,"lng":21.4254},{"n":"Lake Ohrid, North Macedonia","lat":42.0042,"lng":20.9697},{"n":"Sarajevo, Bosnia","lat":43.8563,"lng":18.4131},{"n":"Mostar, Bosnia","lat":43.3438,"lng":17.8078},{"n":"Bucharest, Romania","lat":44.4268,"lng":26.1025},{"n":"Timisoara, Romania","lat":45.7489,"lng":21.2087},{"n":"Cluj-Napoca, Romania","lat":46.7712,"lng":23.6236},{"n":"Brasov, Romania","lat":45.6427,"lng":25.5887},{"n":"Novi Sad, Serbia","lat":44.9269,"lng":20.4233},{"n":"Nis, Serbia","lat":43.3209,"lng":21.8958},{"n":"Pristina, Kosovo","lat":42.6629,"lng":21.1655},{"n":"Athens, Greece","lat":37.9838,"lng":23.7275},{"n":"Thessaloniki, Greece","lat":40.6401,"lng":22.9444},{"n":"Rhodes, Greece","lat":36.4337,"lng":28.2176},{"n":"Chania, Crete, Greece","lat":35.5138,"lng":24.018},{"n":"Santorini, Greece","lat":36.4618,"lng":25.3753},{"n":"Mykonos, Greece","lat":37.4467,"lng":25.3289},{"n":"Corfu, Greece","lat":39.6243,"lng":19.9217},{"n":"Samos, Greece","lat":37.5672,"lng":26.9839},{"n":"Kos, Greece","lat":36.8969,"lng":27.2871},{"n":"Lesbos, Greece","lat":39.1015,"lng":26.5489},{"n":"Nicosia, Cyprus","lat":35.1856,"lng":33.3823},{"n":"Limassol, Cyprus","lat":34.7071,"lng":33.0226},{"n":"Larnaca, Cyprus","lat":34.918,"lng":33.62},{"n":"Paphos, Cyprus","lat":35.0394,"lng":32.4218},{"n":"Ayia Napa, Cyprus","lat":35.1738,"lng":33.96},{"n":"Istanbul, Turkey","lat":41.0082,"lng":28.9784},{"n":"Izmir, Turkey","lat":38.4192,"lng":27.1287},{"n":"Ankara, Turkey","lat":39.9334,"lng":32.8597},{"n":"Antalya, Turkey","lat":36.8969,"lng":30.7133},{"n":"Konya, Turkey","lat":37.9144,"lng":32.4846},{"n":"Cappadocia, Turkey","lat":38.6191,"lng":34.7289},{"n":"Fethiye, Turkey","lat":36.5477,"lng":29.1123},{"n":"Bodrum, Turkey","lat":37.0367,"lng":27.4241},{"n":"Marmaris, Turkey","lat":36.8841,"lng":28.2706},{"n":"Bursa, Turkey","lat":40.7697,"lng":29.9228},{"n":"Sivas, Turkey","lat":39.7477,"lng":37.0179},{"n":"Bursa, Turkey","lat":40.1885,"lng":29.061},{"n":"Erzurum, Turkey","lat":39.9032,"lng":41.2767},{"n":"Pamukkale, Turkey","lat":37.2153,"lng":28.3636},{"n":"Ephesus, Turkey","lat":37.9492,"lng":27.3638},{"n":"Tallinn, Estonia","lat":59.437,"lng":24.7536},{"n":"Riga, Latvia","lat":56.9496,"lng":24.1052},{"n":"Vilnius, Lithuania","lat":54.6872,"lng":25.2797},{"n":"Klaipeda, Lithuania","lat":55.7047,"lng":21.1175},{"n":"Moscow, Russia","lat":55.7558,"lng":37.6173},{"n":"St. Petersburg, Russia","lat":59.9343,"lng":30.3351},{"n":"Yekaterinburg, Russia","lat":56.8389,"lng":60.6057},{"n":"Novosibirsk, Russia","lat":55.0084,"lng":82.9357},{"n":"Vladivostok, Russia","lat":43.1332,"lng":131.9113},{"n":"Yakutsk, Russia","lat":62.0339,"lng":129.733},{"n":"Tbilisi, Georgia","lat":41.7151,"lng":44.8271},{"n":"Mtskheta, Georgia","lat":41.6938,"lng":44.8015},{"n":"Kutaisi, Georgia","lat":42.2679,"lng":42.6946},{"n":"Batumi, Georgia","lat":41.6416,"lng":41.6366},{"n":"Baku, Azerbaijan","lat":40.4093,"lng":49.8671},{"n":"Yerevan, Armenia","lat":40.1792,"lng":44.4991},{"n":"Tokyo, Japan","lat":35.6762,"lng":139.6503},{"n":"Kyoto, Japan","lat":35.0116,"lng":135.7681},{"n":"Osaka, Japan","lat":34.6937,"lng":135.5023},{"n":"Nagoya, Japan","lat":35.1815,"lng":136.9066},{"n":"Sapporo, Japan","lat":43.0618,"lng":141.3545},{"n":"Fukuoka, Japan","lat":33.5904,"lng":130.4017},{"n":"Gifu, Japan","lat":35.1706,"lng":136.8817},{"n":"Nara, Japan","lat":34.6851,"lng":135.805},{"n":"Hiroshima, Japan","lat":34.3963,"lng":132.4594},{"n":"Okayama, Japan","lat":34.6682,"lng":133.9336},{"n":"Wakayama, Japan","lat":34.2329,"lng":135.1707},{"n":"Kanazawa, Japan","lat":36.5613,"lng":136.6562},{"n":"Takayama, Japan","lat":36.2048,"lng":137.2529},{"n":"Tsukuba, Japan","lat":36.103,"lng":140.0877},{"n":"Yokohama, Japan","lat":35.4437,"lng":139.638},{"n":"Kamakura, Japan","lat":35.3192,"lng":139.5503},{"n":"Hakone, Japan","lat":35.2329,"lng":139.1071},{"n":"Mt. Fuji, Japan","lat":35.6684,"lng":138.727},{"n":"Ise, Japan","lat":34.3892,"lng":136.8429},{"n":"Naha, Okinawa, Japan","lat":26.2124,"lng":127.6809},{"n":"Sendai, Japan","lat":38.2682,"lng":140.8694},{"n":"Matsuyama, Japan","lat":33.8416,"lng":132.7657},{"n":"Nagasaki, Japan","lat":32.7503,"lng":129.8779},{"n":"Kagoshima, Japan","lat":31.5966,"lng":130.5571},{"n":"Shirakawa-go, Japan","lat":36.6953,"lng":137.2113},{"n":"Kobe, Japan","lat":34.6604,"lng":135.4317},{"n":"Ishigaki, Japan","lat":24.3336,"lng":124.1572},{"n":"Beijing, China","lat":39.9042,"lng":116.4074},{"n":"Shanghai, China","lat":31.2304,"lng":121.4737},{"n":"Hong Kong","lat":22.3193,"lng":114.1694},{"n":"Macau","lat":22.1987,"lng":113.5439},{"n":"Guangzhou, China","lat":23.1291,"lng":113.2644},{"n":"Shenzhen, China","lat":22.5431,"lng":114.0579},{"n":"Chengdu, China","lat":30.5728,"lng":104.0668},{"n":"Chongqing, China","lat":29.563,"lng":106.5516},{"n":"Hangzhou, China","lat":30.2741,"lng":120.1551},{"n":"Xi'an, China","lat":34.2658,"lng":108.9541},{"n":"Kunming, China","lat":25.0339,"lng":102.7094},{"n":"Suzhou, China","lat":31.299,"lng":120.5853},{"n":"Guilin, China","lat":25.2744,"lng":110.2903},{"n":"Huangshan, China","lat":29.7153,"lng":118.3385},{"n":"Qingdao, China","lat":36.0671,"lng":120.3826},{"n":"Shijiazhuang, China","lat":38.0428,"lng":114.5149},{"n":"Zhengzhou, China","lat":34.7473,"lng":113.6249},{"n":"Nanjing, China","lat":32.0603,"lng":118.7969},{"n":"Hohhot, China","lat":40.8427,"lng":111.7511},{"n":"Tibet/Everest Base Camp, China","lat":27.9938,"lng":86.925},{"n":"Lhasa, Tibet","lat":29.65,"lng":91.1},{"n":"Urumqi, China","lat":43.8171,"lng":87.6086},{"n":"Lanzhou, China","lat":35.74,"lng":103.8166},{"n":"Fuzhou, China","lat":26.0614,"lng":119.3061},{"n":"Xiamen, China","lat":24.4534,"lng":118.0894},{"n":"Sanya, Hainan, China","lat":18.2528,"lng":109.512},{"n":"Harbin, China","lat":45.8038,"lng":126.535},{"n":"Seoul, South Korea","lat":37.5665,"lng":126.978},{"n":"Busan, South Korea","lat":35.1796,"lng":129.0756},{"n":"Daegu, South Korea","lat":35.8714,"lng":128.6014},{"n":"Incheon, South Korea","lat":37.4563,"lng":126.7052},{"n":"Jeju Island, South Korea","lat":33.4996,"lng":126.5312},{"n":"Haeundae, South Korea","lat":35.21,"lng":129.0689},{"n":"Nami Island, South Korea","lat":37.8748,"lng":127.7342},{"n":"Gwangju, South Korea","lat":35.155,"lng":126.9158},{"n":"Suwon, South Korea","lat":37.2636,"lng":127.0286},{"n":"Taipei, Taiwan","lat":25.033,"lng":121.5654},{"n":"Taichung, Taiwan","lat":24.1477,"lng":120.6736},{"n":"Kaohsiung, Taiwan","lat":22.6273,"lng":120.3014},{"n":"Kenting, Taiwan","lat":22.0017,"lng":120.7444},{"n":"Hualien, Taiwan","lat":24.8066,"lng":121.0078},{"n":"Alishan, Taiwan","lat":23.48,"lng":120.4491},{"n":"Hsinchu, Taiwan","lat":24.7969,"lng":120.9961},{"n":"Bangkok, Thailand","lat":13.7563,"lng":100.5018},{"n":"Phuket, Thailand","lat":7.8804,"lng":98.3923},{"n":"Chiang Mai, Thailand","lat":18.7883,"lng":98.9853},{"n":"Krabi, Thailand","lat":7.9519,"lng":98.3381},{"n":"Koh Samui, Thailand","lat":9.512,"lng":100.0134},{"n":"Koh Phangan, Thailand","lat":9.842,"lng":99.2541},{"n":"Phi Phi Islands, Thailand","lat":8.0863,"lng":98.9063},{"n":"Pattaya, Thailand","lat":12.9236,"lng":100.8825},{"n":"Koh Tao, Thailand","lat":8.4304,"lng":99.9631},{"n":"Ayutthaya, Thailand","lat":14.3532,"lng":100.5684},{"n":"Vientiane, Laos","lat":17.8707,"lng":102.7501},{"n":"Luang Prabang, Laos","lat":19.8563,"lng":102.1349},{"n":"Ho Chi Minh City, Vietnam","lat":10.8231,"lng":106.6297},{"n":"Hanoi, Vietnam","lat":21.0285,"lng":105.8542},{"n":"Da Nang, Vietnam","lat":16.0544,"lng":108.2022},{"n":"Hoi An, Vietnam","lat":15.8801,"lng":108.338},{"n":"Ha Long Bay, Vietnam","lat":20.9101,"lng":107.1839},{"n":"Nha Trang, Vietnam","lat":12.2388,"lng":109.1967},{"n":"Vung Tau, Vietnam","lat":10.3609,"lng":107.0843},{"n":"Da Lat, Vietnam","lat":11.9404,"lng":108.4583},{"n":"Hue, Vietnam","lat":16.4637,"lng":107.5909},{"n":"Sapa, Vietnam","lat":22.3384,"lng":103.844},{"n":"Phnom Penh, Cambodia","lat":11.5564,"lng":104.9282},{"n":"Siem Reap, Cambodia","lat":13.4125,"lng":103.867},{"n":"Sihanoukville, Cambodia","lat":10.6093,"lng":103.5235},{"n":"Yangon, Myanmar","lat":16.8661,"lng":96.1951},{"n":"Mandalay, Myanmar","lat":21.9588,"lng":96.0891},{"n":"Bagan, Myanmar","lat":21.1717,"lng":94.8585},{"n":"Inle Lake, Myanmar","lat":20.6692,"lng":96.917},{"n":"Kuala Lumpur, Malaysia","lat":3.139,"lng":101.6869},{"n":"Singapore","lat":1.2905,"lng":103.852},{"n":"Penang, Malaysia","lat":5.4164,"lng":100.3327},{"n":"Kuching, Malaysia","lat":1.5535,"lng":110.3593},{"n":"Kota Kinabalu, Malaysia","lat":5.9804,"lng":116.0735},{"n":"Kuala Terengganu, Malaysia","lat":4.5693,"lng":103.4324},{"n":"Putrajaya, Malaysia","lat":2.7456,"lng":101.7072},{"n":"Shah Alam, Malaysia","lat":3.0738,"lng":101.5183},{"n":"Cherating, Malaysia","lat":4.2105,"lng":103.4176},{"n":"Langkawi, Malaysia","lat":6.4414,"lng":99.8434},{"n":"Brunei","lat":4.9,"lng":115.067},{"n":"Jakarta, Indonesia","lat":-6.2088,"lng":106.8456},{"n":"Bali, Indonesia","lat":-8.3405,"lng":115.092},{"n":"Ubud, Bali, Indonesia","lat":-8.65,"lng":115.2167},{"n":"Yogyakarta, Indonesia","lat":-7.7956,"lng":110.3695},{"n":"Bandung, Indonesia","lat":-6.9175,"lng":107.6191},{"n":"Surabaya, Indonesia","lat":-7.2504,"lng":112.7688},{"n":"Balikpapan, Indonesia","lat":0.7893,"lng":113.9213},{"n":"Padang, Indonesia","lat":-0.9493,"lng":100.3543},{"n":"Bandar Lampung, Indonesia","lat":-5.4474,"lng":105.2615},{"n":"Seminyak, Bali, Indonesia","lat":-8.4095,"lng":115.1889},{"n":"Uluwatu, Bali, Indonesia","lat":-8.7467,"lng":115.1678},{"n":"Labuan Bajo, Indonesia","lat":-8.5069,"lng":119.8808},{"n":"Pontianak, Indonesia","lat":-0.0236,"lng":109.3425},{"n":"Palembang, Indonesia","lat":-2.9761,"lng":104.7754},{"n":"Medan, Indonesia","lat":3.5952,"lng":98.6722},{"n":"Batam, Indonesia","lat":1.0456,"lng":104.0305},{"n":"Lombok, Indonesia","lat":-8.5833,"lng":116.1167},{"n":"Komodo Island, Indonesia","lat":-8.4564,"lng":119.878},{"n":"Manila, Philippines","lat":14.5995,"lng":120.9842},{"n":"Cebu City, Philippines","lat":10.3157,"lng":123.8854},{"n":"Bohol, Philippines","lat":9.3068,"lng":123.3054},{"n":"Puerto Princesa, Palawan, Philippines","lat":9.815,"lng":118.7346},{"n":"El Nido, Palawan, Philippines","lat":11.1784,"lng":119.415},{"n":"Boracay, Philippines","lat":11.9674,"lng":121.9182},{"n":"Davao, Philippines","lat":7.1907,"lng":125.4553},{"n":"Iloilo City, Philippines","lat":10.691,"lng":122.5453},{"n":"Baguio, Philippines","lat":16.4023,"lng":120.596},{"n":"New Delhi, India","lat":28.6139,"lng":77.209},{"n":"Mumbai, India","lat":19.076,"lng":72.8777},{"n":"Bangalore, India","lat":12.9716,"lng":77.5946},{"n":"Kolkata, India","lat":22.5726,"lng":88.3639},{"n":"Chennai, India","lat":13.0827,"lng":80.2707},{"n":"Hyderabad, India","lat":17.385,"lng":78.4867},{"n":"Ahmedabad, India","lat":23.0225,"lng":72.5714},{"n":"Jaipur, India","lat":26.9124,"lng":75.7873},{"n":"Lucknow, India","lat":26.8467,"lng":80.9462},{"n":"Varanasi, India","lat":25.3176,"lng":82.9739},{"n":"Agra, India","lat":27.1767,"lng":78.0081},{"n":"Goa, India","lat":15.2993,"lng":74.124},{"n":"Chandigarh, India","lat":30.7333,"lng":76.7794},{"n":"Coimbatore, India","lat":11.0168,"lng":76.9558},{"n":"Thrissur, India","lat":10.5276,"lng":76.2144},{"n":"Kochi, India","lat":9.9312,"lng":76.2673},{"n":"Trivandrum, India","lat":8.5241,"lng":76.9366},{"n":"Surat, India","lat":21.1702,"lng":72.8311},{"n":"Pune, India","lat":18.5204,"lng":73.8567},{"n":"Udaipur, India","lat":26.4499,"lng":74.6399},{"n":"Jodhpur, India","lat":28.0229,"lng":73.3119},{"n":"Jaisalmer, India","lat":26.2389,"lng":73.0243},{"n":"Dharamshala, India","lat":32.219,"lng":76.3234},{"n":"Shimla, India","lat":31.1048,"lng":77.1734},{"n":"Kaziranga, India","lat":27.4728,"lng":94.912},{"n":"Vadodara, India","lat":22.3072,"lng":73.1812},{"n":"Pondicherry, India","lat":11.9416,"lng":79.8083},{"n":"Hampi, India","lat":15.3647,"lng":75.124},{"n":"Thanjavur, India","lat":10.7867,"lng":79.1378},{"n":"Mysore, India","lat":12.2958,"lng":76.6394},{"n":"Srinagar, India","lat":34.0837,"lng":74.7973},{"n":"Leh, Ladakh, India","lat":34.1526,"lng":77.5771},{"n":"Colombo, Sri Lanka","lat":6.9271,"lng":79.8612},{"n":"Kandy, Sri Lanka","lat":7.2906,"lng":80.6337},{"n":"Galle, Sri Lanka","lat":6.0329,"lng":80.2168},{"n":"Trincomalee, Sri Lanka","lat":7.9403,"lng":81.0188},{"n":"Anuradhapura, Sri Lanka","lat":8.3114,"lng":80.4037},{"n":"Sigiriya, Sri Lanka","lat":7.2567,"lng":80.5914},{"n":"Negombo, Sri Lanka","lat":6.8849,"lng":79.8574},{"n":"Hikkaduwa, Sri Lanka","lat":6.2327,"lng":80.0549},{"n":"Kathmandu, Nepal","lat":27.7172,"lng":85.324},{"n":"Everest Base Camp, Nepal","lat":27.9881,"lng":86.925},{"n":"Pokhara, Nepal","lat":28.2096,"lng":83.9856},{"n":"Chitwan, Nepal","lat":27.5142,"lng":84.3601},{"n":"Thimphu, Bhutan","lat":27.4712,"lng":89.6419},{"n":"Paro, Bhutan","lat":27.5863,"lng":89.2626},{"n":"Male, Maldives","lat":4.1755,"lng":73.5093},{"n":"Hulhumale, Maldives","lat":3.947,"lng":73.412},{"n":"Addu City, Maldives","lat":0.6942,"lng":73.1872},{"n":"Dubai, UAE","lat":25.2048,"lng":55.2708},{"n":"Abu Dhabi, UAE","lat":24.4539,"lng":54.3773},{"n":"Sharjah, UAE","lat":25.3463,"lng":55.4209},{"n":"Manama, Bahrain","lat":26.2285,"lng":50.586},{"n":"Doha, Qatar","lat":25.2854,"lng":51.531},{"n":"Muscat, Oman","lat":23.588,"lng":58.3829},{"n":"Nizwa, Oman","lat":23.0177,"lng":57.0788},{"n":"Salalah, Oman","lat":17.0151,"lng":54.0924},{"n":"Kuwait City, Kuwait","lat":29.3759,"lng":47.9774},{"n":"Riyadh, Saudi Arabia","lat":24.7136,"lng":46.6753},{"n":"Jeddah, Saudi Arabia","lat":21.4858,"lng":39.1925},{"n":"Mecca, Saudi Arabia","lat":21.3891,"lng":39.8579},{"n":"Medina, Saudi Arabia","lat":24.4672,"lng":39.6024},{"n":"Dammam, Saudi Arabia","lat":26.4207,"lng":50.0888},{"n":"Amman, Jordan","lat":31.9454,"lng":35.9284},{"n":"Petra, Jordan","lat":30.3285,"lng":35.4444},{"n":"Aqaba, Jordan","lat":29.5581,"lng":35.0066},{"n":"Dead Sea, Jordan","lat":31.52,"lng":35.47},{"n":"Beirut, Lebanon","lat":33.8938,"lng":35.5018},{"n":"Byblos, Lebanon","lat":34.1172,"lng":35.651},{"n":"Sidon, Lebanon","lat":33.5608,"lng":35.3812},{"n":"Baalbek, Lebanon","lat":33.8869,"lng":35.5131},{"n":"Jerusalem, Israel","lat":31.7683,"lng":35.2137},{"n":"Tel Aviv, Israel","lat":32.0853,"lng":34.7818},{"n":"Beer Sheva, Israel","lat":31.253,"lng":34.7915},{"n":"Eilat, Israel","lat":29.5577,"lng":34.9519},{"n":"Haifa, Israel","lat":32.794,"lng":34.9896},{"n":"Nazareth, Israel","lat":32.9646,"lng":35.4956},{"n":"Damascus, Syria","lat":33.5138,"lng":36.2765},{"n":"Aleppo, Syria","lat":36.2021,"lng":37.1343},{"n":"Baghdad, Iraq","lat":33.3152,"lng":44.3661},{"n":"Erbil, Iraq","lat":36.1912,"lng":44.0091},{"n":"Tehran, Iran","lat":35.6892,"lng":51.389},{"n":"Isfahan, Iran","lat":32.6539,"lng":51.666},{"n":"Shiraz, Iran","lat":29.5918,"lng":52.5837},{"n":"Mashhad, Iran","lat":36.2605,"lng":59.6168},{"n":"Kerman, Iran","lat":30.2839,"lng":57.0834},{"n":"Tabriz, Iran","lat":38.0793,"lng":46.2919},{"n":"Persepolis, Iran","lat":29.61,"lng":52.5319},{"n":"Almaty, Kazakhstan","lat":43.222,"lng":76.8512},{"n":"Astana, Kazakhstan","lat":51.1694,"lng":71.4491},{"n":"Tashkent, Uzbekistan","lat":41.2995,"lng":69.2401},{"n":"Samarkand, Uzbekistan","lat":39.6542,"lng":66.9597},{"n":"Bukhara, Uzbekistan","lat":39.7747,"lng":64.4286},{"n":"Khiva, Uzbekistan","lat":41.3775,"lng":60.3377},{"n":"Bishkek, Kyrgyzstan","lat":42.8746,"lng":74.5698},{"n":"Karakol, Kyrgyzstan","lat":42.4507,"lng":78.3939},{"n":"Dushanbe, Tajikistan","lat":38.5598,"lng":68.7738},{"n":"Ashgabat, Turkmenistan","lat":37.9601,"lng":58.3261},{"n":"New York City, USA","lat":40.7128,"lng":-74.006},{"n":"Los Angeles, USA","lat":34.0522,"lng":-118.2437},{"n":"Chicago, USA","lat":41.8781,"lng":-87.6298},{"n":"Houston, USA","lat":29.7604,"lng":-95.3698},{"n":"Phoenix, USA","lat":33.4484,"lng":-112.074},{"n":"San Antonio, USA","lat":29.4241,"lng":-98.4936},{"n":"San Diego, USA","lat":32.7157,"lng":-117.1611},{"n":"Dallas, USA","lat":32.7767,"lng":-96.797},{"n":"Austin, USA","lat":30.2672,"lng":-97.7431},{"n":"San Francisco, USA","lat":37.7749,"lng":-122.4194},{"n":"Boston, USA","lat":42.3601,"lng":-71.0589},{"n":"Denver, USA","lat":39.7392,"lng":-104.9903},{"n":"Seattle, USA","lat":47.6062,"lng":-122.3321},{"n":"Miami, USA","lat":25.7617,"lng":-80.1918},{"n":"Atlanta, USA","lat":33.749,"lng":-84.388},{"n":"Washington DC, USA","lat":38.9072,"lng":-77.0369},{"n":"Philadelphia, USA","lat":39.9526,"lng":-75.1652},{"n":"Nashville, USA","lat":36.1627,"lng":-86.7816},{"n":"Charlotte, USA","lat":35.2271,"lng":-80.8431},{"n":"Portland, USA","lat":45.5051,"lng":-122.675},{"n":"Las Vegas, USA","lat":36.1699,"lng":-115.1398},{"n":"Tampa, USA","lat":27.9506,"lng":-82.4572},{"n":"Fort Lauderdale, USA","lat":26.1224,"lng":-80.1373},{"n":"Orlando, USA","lat":28.5383,"lng":-81.3792},{"n":"Memphis, USA","lat":35.1495,"lng":-90.049},{"n":"Kansas City, USA","lat":39.0997,"lng":-94.5786},{"n":"New Orleans, USA","lat":29.9511,"lng":-90.0715},{"n":"Louisville, USA","lat":38.2527,"lng":-85.7585},{"n":"Baltimore, USA","lat":39.2904,"lng":-76.6122},{"n":"Cleveland, USA","lat":41.4993,"lng":-81.6944},{"n":"Detroit, USA","lat":42.3314,"lng":-83.0458},{"n":"Milwaukee, USA","lat":43.0389,"lng":-87.9065},{"n":"Minneapolis, USA","lat":44.9778,"lng":-93.265},{"n":"St. Louis, USA","lat":38.627,"lng":-90.1994},{"n":"Pittsburgh, USA","lat":40.4406,"lng":-79.9959},{"n":"Cincinnati, USA","lat":39.1031,"lng":-84.512},{"n":"Oklahoma City, USA","lat":35.4676,"lng":-97.5164},{"n":"Tulsa, USA","lat":36.154,"lng":-95.9928},{"n":"Fort Worth, USA","lat":32.7555,"lng":-97.3308},{"n":"El Paso, USA","lat":31.7619,"lng":-106.485},{"n":"Albuquerque, USA","lat":35.0844,"lng":-106.6504},{"n":"Scottsdale, USA","lat":33.4152,"lng":-111.8315},{"n":"Henderson, USA","lat":36.1147,"lng":-115.1728},{"n":"Honolulu, Hawaii, USA","lat":21.3069,"lng":-157.8583},{"n":"Maui, Hawaii, USA","lat":20.7984,"lng":-156.3319},{"n":"Kona, Hawaii, USA","lat":19.8968,"lng":-155.5828},{"n":"Anchorage, Alaska, USA","lat":61.2181,"lng":-149.9003},{"n":"Fairbanks, Alaska, USA","lat":64.8378,"lng":-147.7164},{"n":"Juneau, Alaska, USA","lat":58.3019,"lng":-134.4197},{"n":"Omaha, USA","lat":41.2565,"lng":-95.9345},{"n":"Des Moines, USA","lat":41.5868,"lng":-93.625},{"n":"Madison, USA","lat":43.0731,"lng":-89.4012},{"n":"Indianapolis, USA","lat":39.7684,"lng":-86.1581},{"n":"Portland, Maine, USA","lat":43.6591,"lng":-70.2568},{"n":"Montpelier, USA","lat":44.2601,"lng":-72.5754},{"n":"Buffalo, USA","lat":42.8864,"lng":-78.8784},{"n":"Albany, USA","lat":42.6526,"lng":-73.7562},{"n":"Salt Lake City, USA","lat":40.7608,"lng":-111.891},{"n":"Boise, USA","lat":43.615,"lng":-116.2023},{"n":"Fargo, USA","lat":46.8797,"lng":-96.7898},{"n":"Saint Paul, USA","lat":44.9537,"lng":-93.09},{"n":"Provo, USA","lat":40.2338,"lng":-111.6585},{"n":"San Jose, USA","lat":37.3382,"lng":-121.8863},{"n":"Fremont, USA","lat":37.5485,"lng":-121.9886},{"n":"Sacramento, USA","lat":38.5816,"lng":-121.4944},{"n":"Fresno, USA","lat":36.7378,"lng":-119.7871},{"n":"Marina del Rey, USA","lat":33.9425,"lng":-118.4081},{"n":"Santa Barbara, USA","lat":34.4208,"lng":-119.6982},{"n":"Santa Cruz, USA","lat":36.9741,"lng":-122.0308},{"n":"Monterey, USA","lat":36.6002,"lng":-121.8947},{"n":"Ventura, USA","lat":34.1975,"lng":-119.1771},{"n":"Carlsbad, USA","lat":33.1959,"lng":-117.3795},{"n":"Palm Springs, USA","lat":33.8303,"lng":-116.5453},{"n":"Palo Alto, USA","lat":37.4419,"lng":-122.143},{"n":"Mountain View, USA","lat":37.3861,"lng":-122.0839},{"n":"San Mateo, USA","lat":37.563,"lng":-122.3255},{"n":"Santa Rosa, USA","lat":38.4405,"lng":-122.7144},{"n":"Reno, USA","lat":39.5296,"lng":-119.8138},{"n":"Springfield, USA","lat":37.209,"lng":-93.2923},{"n":"Stamford, USA","lat":41.0534,"lng":-73.5387},{"n":"New Haven, USA","lat":41.3083,"lng":-72.9279},{"n":"Springfield, Massachusetts, USA","lat":42.1015,"lng":-72.5898},{"n":"Jackson, Mississippi, USA","lat":32.2988,"lng":-90.1848},{"n":"Baton Rouge, USA","lat":30.4515,"lng":-91.1871},{"n":"Birmingham, Alabama, USA","lat":33.5207,"lng":-86.8025},{"n":"Little Rock, USA","lat":34.7465,"lng":-92.2896},{"n":"Raleigh, USA","lat":35.7796,"lng":-78.6382},{"n":"Greensboro, USA","lat":36.0726,"lng":-79.792},{"n":"Charleston, USA","lat":32.7765,"lng":-79.9311},{"n":"Savannah, USA","lat":32.0809,"lng":-81.0912},{"n":"Yellowstone, USA","lat":44.428,"lng":-110.5885},{"n":"Grand Canyon, USA","lat":36.107,"lng":-112.113},{"n":"Bryce Canyon, USA","lat":37.593,"lng":-112.1871},{"n":"Arches National Park, USA","lat":38.7331,"lng":-109.5925},{"n":"Zion National Park, USA","lat":37.2982,"lng":-113.0263},{"n":"Yosemite, USA","lat":37.8651,"lng":-119.5383},{"n":"Death Valley, USA","lat":36.4864,"lng":-117.84},{"n":"Rocky Mountain NP, USA","lat":40.3428,"lng":-105.6836},{"n":"Everglades, USA","lat":25.2866,"lng":-80.8987},{"n":"Great Smoky Mountains, USA","lat":35.6117,"lng":-83.4895},{"n":"Acadia National Park, USA","lat":44.3386,"lng":-68.2733},{"n":"Redwood National Park, USA","lat":41.24,"lng":-124.0046},{"n":"Havasupai Falls, USA","lat":36.0544,"lng":-112.1401},{"n":"Glacier National Park, USA","lat":48.7596,"lng":-113.787},{"n":"Grand Teton, USA","lat":43.7904,"lng":-110.6818},{"n":"Saguaro National Park, USA","lat":32.1479,"lng":-110.7565},{"n":"Key West, USA","lat":24.5551,"lng":-81.78},{"n":"West Palm Beach, USA","lat":26.6868,"lng":-80.0379},{"n":"Malibu, USA","lat":34.0259,"lng":-118.7798},{"n":"Anza-Borrego, USA","lat":33.0198,"lng":-116.8464},{"n":"Kanab, USA","lat":37.2389,"lng":-112.9407},{"n":"Shenandoah, USA","lat":38.0022,"lng":-79.4195},{"n":"Toronto, Canada","lat":43.6532,"lng":-79.3832},{"n":"Montreal, Canada","lat":45.5017,"lng":-73.5673},{"n":"Vancouver, Canada","lat":49.2827,"lng":-123.1207},{"n":"Calgary, Canada","lat":51.0447,"lng":-114.0719},{"n":"Edmonton, Canada","lat":53.5461,"lng":-113.4938},{"n":"Ottawa, Canada","lat":45.4215,"lng":-75.6972},{"n":"Quebec City, Canada","lat":46.8139,"lng":-71.208},{"n":"Winnipeg, Canada","lat":49.8951,"lng":-97.1384},{"n":"Halifax, Canada","lat":44.6488,"lng":-63.5752},{"n":"Victoria, Canada","lat":48.4284,"lng":-123.3656},{"n":"Saskatoon, Canada","lat":52.1332,"lng":-106.67},{"n":"Yellowknife, Canada","lat":62.454,"lng":-114.3718},{"n":"Whitehorse, Canada","lat":60.7212,"lng":-135.0568},{"n":"Dawson City, Canada","lat":64.2823,"lng":-135},{"n":"Banff, Canada","lat":51.1784,"lng":-115.5708},{"n":"Jasper, Canada","lat":52.8737,"lng":-118.0814},{"n":"Whistler, Canada","lat":50.1163,"lng":-122.9574},{"n":"North Vancouver, Canada","lat":49.2965,"lng":-123.15},{"n":"Kitchener, Canada","lat":43.4516,"lng":-80.4925},{"n":"Hamilton, Canada","lat":43.2557,"lng":-79.8711},{"n":"London, Canada","lat":42.9849,"lng":-81.2453},{"n":"Thunder Bay, Canada","lat":48.3809,"lng":-89.2477},{"n":"Charlottetown, Canada","lat":46.2382,"lng":-63.1311},{"n":"St. John's, Canada","lat":47.5605,"lng":-52.7128},{"n":"Moncton, Canada","lat":46.0878,"lng":-64.7782},{"n":"Prince George, Canada","lat":53.9171,"lng":-122.7497},{"n":"Athabasca, Canada","lat":54.7465,"lng":-113.8089},{"n":"Mexico City, Mexico","lat":19.4326,"lng":-99.1332},{"n":"Puerto Vallarta, Mexico","lat":20.6597,"lng":-105.2253},{"n":"Cancun, Mexico","lat":21.1619,"lng":-86.8515},{"n":"Tulum, Mexico","lat":20.2114,"lng":-87.4654},{"n":"Playa del Carmen, Mexico","lat":20.5001,"lng":-87.4526},{"n":"Merida, Mexico","lat":20.9674,"lng":-89.5926},{"n":"Cabo San Lucas, Mexico","lat":22.8905,"lng":-109.9167},{"n":"Zacatecas, Mexico","lat":23.6345,"lng":-102.5528},{"n":"Guadalajara, Mexico","lat":20.6736,"lng":-103.344},{"n":"Monterrey, Mexico","lat":25.6866,"lng":-100.3161},{"n":"Oaxaca, Mexico","lat":17.0732,"lng":-96.7266},{"n":"Veracruz, Mexico","lat":19.1738,"lng":-96.1342},{"n":"Ensenada, Mexico","lat":31.8667,"lng":-116.6},{"n":"La Paz, Mexico","lat":24.1426,"lng":-110.3128},{"n":"Palenque, Mexico","lat":17.9869,"lng":-92.9303},{"n":"Acapulco, Mexico","lat":16.8634,"lng":-99.8901},{"n":"Guanajuato, Mexico","lat":21.019,"lng":-101.2574},{"n":"Pachuca, Mexico","lat":20.1011,"lng":-98.7591},{"n":"Campeche, Mexico","lat":19.8484,"lng":-90.53},{"n":"Bacalar, Mexico","lat":19.4978,"lng":-88.3083},{"n":"Guatemala City, Guatemala","lat":14.6349,"lng":-90.5069},{"n":"Antigua, Guatemala","lat":14.6463,"lng":-90.5139},{"n":"Lake Atitlan, Guatemala","lat":15.6767,"lng":-91.7993},{"n":"San Salvador, El Salvador","lat":13.6929,"lng":-89.2182},{"n":"Tegucigalpa, Honduras","lat":14.0723,"lng":-87.1921},{"n":"Roatan, Honduras","lat":15.7835,"lng":-86.793},{"n":"Managua, Nicaragua","lat":12.115,"lng":-86.2362},{"n":"Granada, Nicaragua","lat":11.4306,"lng":-85.8256},{"n":"San Jose, Costa Rica","lat":9.9281,"lng":-84.0907},{"n":"Tamarindo, Costa Rica","lat":10.4699,"lng":-85.0597},{"n":"Manuel Antonio, Costa Rica","lat":9.4329,"lng":-84.1634},{"n":"Arenal, Costa Rica","lat":10.4694,"lng":-83.9954},{"n":"Monteverde, Costa Rica","lat":10.5324,"lng":-85.5656},{"n":"Panama City, Panama","lat":8.9824,"lng":-79.5199},{"n":"Boquete, Panama","lat":8.4095,"lng":-82.43},{"n":"San Blas Islands, Panama","lat":9.35,"lng":-79.9},{"n":"San Juan, Puerto Rico","lat":17.9712,"lng":-66.808},{"n":"Vieques, Puerto Rico","lat":18,"lng":-65.8333},{"n":"Havana, Cuba","lat":23.1136,"lng":-82.3666},{"n":"Trinidad, Cuba","lat":22.4072,"lng":-79.9545},{"n":"Sancti Spiritus, Cuba","lat":22.0803,"lng":-79.4536},{"n":"Santiago de Cuba, Cuba","lat":20.0245,"lng":-75.8292},{"n":"Santo Domingo, Dominican Republic","lat":18.4861,"lng":-69.9312},{"n":"Puerto Plata, Dominican Republic","lat":19.7922,"lng":-70.6872},{"n":"Punta Cana, Dominican Republic","lat":18.4308,"lng":-68.9681},{"n":"Port-au-Prince, Haiti","lat":18.9712,"lng":-72.2852},{"n":"Kingston, Jamaica","lat":18.1096,"lng":-77.2975},{"n":"Montego Bay, Jamaica","lat":18.4729,"lng":-77.9193},{"n":"Ocho Rios, Jamaica","lat":18.4098,"lng":-77.1046},{"n":"Negril, Jamaica","lat":18.2208,"lng":-77.4978},{"n":"Bridgetown, Barbados","lat":13.1132,"lng":-59.5988},{"n":"St. George's, Grenada","lat":12.0433,"lng":-61.7491},{"n":"Port of Spain, Trinidad","lat":10.6596,"lng":-61.5086},{"n":"Castries, St. Lucia","lat":14.0101,"lng":-60.9874},{"n":"St. John's, Antigua","lat":17.1175,"lng":-61.8456},{"n":"Basseterre, St. Kitts","lat":17.2971,"lng":-62.7259},{"n":"Willemstad, Curacao","lat":12.1165,"lng":-68.9292},{"n":"Oranjestad, Aruba","lat":12.5092,"lng":-70.0086},{"n":"Road Town, British Virgin Islands","lat":18.3358,"lng":-64.8963},{"n":"Charlotte Amalie, USVI","lat":17.7373,"lng":-64.7424},{"n":"Nassau, Bahamas","lat":25.0343,"lng":-77.3963},{"n":"Freeport, Bahamas","lat":26.5285,"lng":-78.6962},{"n":"George Town, Cayman Islands","lat":19.3133,"lng":-81.2546},{"n":"Bogota, Colombia","lat":4.711,"lng":-74.0721},{"n":"Medellin, Colombia","lat":6.2442,"lng":-75.5812},{"n":"Cartagena, Colombia","lat":10.3932,"lng":-75.4832},{"n":"Cali, Colombia","lat":3.4516,"lng":-76.532},{"n":"Barranquilla, Colombia","lat":10.9878,"lng":-74.7889},{"n":"Santa Marta, Colombia","lat":11.2408,"lng":-74.211},{"n":"Lima, Peru","lat":-12.0464,"lng":-77.0428},{"n":"Cusco, Peru","lat":-13.5319,"lng":-71.9675},{"n":"Machu Picchu, Peru","lat":-13.1631,"lng":-72.545},{"n":"Arequipa, Peru","lat":-16.409,"lng":-71.5375},{"n":"Puno, Peru","lat":-15.8402,"lng":-70.0219},{"n":"Iquitos, Peru","lat":-3.7437,"lng":-73.2516},{"n":"Trujillo, Peru","lat":-8.1116,"lng":-79.0287},{"n":"Quito, Ecuador","lat":-0.1807,"lng":-78.4678},{"n":"Guayaquil, Ecuador","lat":-2.171,"lng":-79.9224},{"n":"Manta, Ecuador","lat":-0.9677,"lng":-80.7089},{"n":"Galapagos Islands, Ecuador","lat":-0.9538,"lng":-90.9656},{"n":"Banos, Ecuador","lat":-1.8312,"lng":-78.1834},{"n":"Cuenca, Ecuador","lat":-2.8974,"lng":-79.0045},{"n":"La Paz, Bolivia","lat":-16.5,"lng":-68.1193},{"n":"Sucre, Bolivia","lat":-19.0196,"lng":-65.2619},{"n":"Oruro, Bolivia","lat":-17.9647,"lng":-67.1063},{"n":"Huancayo, Peru","lat":-13.1628,"lng":-74.2238},{"n":"Potosi, Bolivia","lat":-19.5723,"lng":-65.755},{"n":"Rio de Janeiro, Brazil","lat":-22.9068,"lng":-43.1729},{"n":"Sao Paulo, Brazil","lat":-23.5505,"lng":-46.6333},{"n":"Belo Horizonte, Brazil","lat":-19.9167,"lng":-43.9345},{"n":"Brasilia, Brazil","lat":-15.8267,"lng":-47.9218},{"n":"Curitiba, Brazil","lat":-25.4284,"lng":-49.2733},{"n":"Porto Alegre, Brazil","lat":-30.0346,"lng":-51.2177},{"n":"Salvador, Brazil","lat":-12.9714,"lng":-38.5014},{"n":"Recife, Brazil","lat":-8.0476,"lng":-34.877},{"n":"Fortaleza, Brazil","lat":-3.7172,"lng":-38.5433},{"n":"Belem, Brazil","lat":-1.4558,"lng":-48.4902},{"n":"Manaus, Brazil","lat":-3.119,"lng":-60.0217},{"n":"Salvador, Bahia, Brazil","lat":-13.0089,"lng":-38.5032},{"n":"Copacabana, Brazil","lat":-22.9519,"lng":-43.2105},{"n":"Florianopolis, Brazil","lat":-27.5954,"lng":-48.548},{"n":"Vitoria, Brazil","lat":-20.3155,"lng":-40.3128},{"n":"Gramado, Brazil","lat":-29.3758,"lng":-50.8765},{"n":"Foz do Iguacu, Brazil","lat":-25.6953,"lng":-54.4367},{"n":"Fernando de Noronha, Brazil","lat":-3.8476,"lng":-32.4297},{"n":"Buzios, Brazil","lat":-22.4556,"lng":-42.983},{"n":"Buenos Aires, Argentina","lat":-34.6037,"lng":-58.3816},{"n":"Cordoba, Argentina","lat":-31.4201,"lng":-64.1888},{"n":"Mendoza, Argentina","lat":-32.8895,"lng":-68.8458},{"n":"Bahia Blanca, Argentina","lat":-38.7196,"lng":-62.2724},{"n":"Bariloche, Argentina","lat":-41.1335,"lng":-71.3103},{"n":"El Calafate, Argentina","lat":-50.34,"lng":-72.2646},{"n":"Ushuaia, Argentina","lat":-54.8019,"lng":-68.303},{"n":"Salta, Argentina","lat":-24.7859,"lng":-65.4117},{"n":"San Miguel de Tucuman, Argentina","lat":-26.8083,"lng":-65.2176},{"n":"Comodoro Rivadavia, Argentina","lat":-46.4399,"lng":-67.5231},{"n":"El Chalten, Argentina","lat":-49.3318,"lng":-72.8863},{"n":"Puerto Madryn, Argentina","lat":-42.7692,"lng":-65.0385},{"n":"Viedma, Argentina","lat":-40.8135,"lng":-62.9967},{"n":"Corrientes, Argentina","lat":-27.4691,"lng":-58.8306},{"n":"Santiago, Chile","lat":-33.4489,"lng":-70.6693},{"n":"Valparaiso, Chile","lat":-33.0472,"lng":-71.6127},{"n":"Antofagasta, Chile","lat":-23.6509,"lng":-70.3975},{"n":"San Pedro de Atacama, Chile","lat":-22.454,"lng":-68.9293},{"n":"Puerto Natales, Chile","lat":-51.7311,"lng":-72.5034},{"n":"Puerto Varas, Chile","lat":-41.4717,"lng":-72.9369},{"n":"Puerto Montt, Chile","lat":-41.4693,"lng":-72.9424},{"n":"Temuco, Chile","lat":-38.7396,"lng":-72.5984},{"n":"Punta Arenas, Chile","lat":-53.1548,"lng":-70.9113},{"n":"Easter Island, Chile","lat":-27.15,"lng":-109.4167},{"n":"Coyhaique, Chile","lat":-45.5752,"lng":-72.0662},{"n":"Concepcion, Chile","lat":-36.827,"lng":-73.0503},{"n":"Vina del Mar, Chile","lat":-33.0153,"lng":-71.55},{"n":"La Serena, Chile","lat":-29.9027,"lng":-71.2519},{"n":"Rancagua, Chile","lat":-34.1703,"lng":-70.7444},{"n":"Pucon, Chile","lat":-39.2833,"lng":-71.9333},{"n":"Montevideo, Uruguay","lat":-34.9011,"lng":-56.1645},{"n":"Punta del Este, Uruguay","lat":-34.9205,"lng":-54.9421},{"n":"Colonia del Sacramento, Uruguay","lat":-34.4667,"lng":-57.85},{"n":"Caracas, Venezuela","lat":10.4806,"lng":-66.9036},{"n":"Isla Margarita, Venezuela","lat":10.4686,"lng":-64.1775},{"n":"Canaima, Venezuela","lat":6.8708,"lng":-75.4276},{"n":"Angel Falls, Venezuela","lat":5.22,"lng":-60.7333},{"n":"Paramaribo, Suriname","lat":5.858,"lng":-55.0165},{"n":"Cayenne, French Guiana","lat":4.8604,"lng":-52.335},{"n":"Georgetown, Guyana","lat":6.8013,"lng":-58.1551},{"n":"Asuncion, Paraguay","lat":-25.2637,"lng":-57.5759},{"n":"Ciudad del Este, Paraguay","lat":-25.5163,"lng":-54.617},{"n":"Cairo, Egypt","lat":30.0444,"lng":31.2357},{"n":"Luxor, Egypt","lat":25.6872,"lng":32.6396},{"n":"Aswan, Egypt","lat":24.0889,"lng":32.8998},{"n":"Alexandria, Egypt","lat":31.2001,"lng":29.9187},{"n":"Hurghada, Egypt","lat":27.2579,"lng":33.8116},{"n":"Abu Simbel, Egypt","lat":22.3363,"lng":31.6003},{"n":"Sharm El Sheikh, Egypt","lat":27.9158,"lng":34.33},{"n":"Tunis, Tunisia","lat":36.8065,"lng":10.1815},{"n":"Djerba, Tunisia","lat":33.8869,"lng":9.5375},{"n":"Hammamet, Tunisia","lat":36.4513,"lng":10.7357},{"n":"Carthage, Tunisia","lat":36.7948,"lng":10.1657},{"n":"Algiers, Algeria","lat":36.8002,"lng":3.042},{"n":"Rabat, Morocco","lat":34.0531,"lng":-6.7985},{"n":"Casablanca, Morocco","lat":33.5731,"lng":-7.5898},{"n":"Marrakech, Morocco","lat":31.6295,"lng":-7.9811},{"n":"Ouarzazate, Morocco","lat":30.9335,"lng":-6.937},{"n":"Fes, Morocco","lat":34.0181,"lng":-5.0078},{"n":"Chefchaouen, Morocco","lat":35.174,"lng":-5.2697},{"n":"Tangier, Morocco","lat":35.7595,"lng":-5.834},{"n":"Essaouira, Morocco","lat":31.5085,"lng":-9.7595},{"n":"Dakhla, Morocco","lat":27.1536,"lng":-13.2033},{"n":"Agadir, Morocco","lat":32.3078,"lng":-9.2373},{"n":"Tripoli, Libya","lat":32.8867,"lng":13.19},{"n":"Lagos, Nigeria","lat":6.5244,"lng":3.3792},{"n":"Abuja, Nigeria","lat":9.0765,"lng":7.3986},{"n":"Accra, Ghana","lat":5.6037,"lng":-0.187},{"n":"Kumasi, Ghana","lat":6.6885,"lng":-1.6244},{"n":"Dakar, Senegal","lat":14.6928,"lng":-17.4467},{"n":"Saint-Louis, Senegal","lat":14.1652,"lng":-16.0758},{"n":"Bamako, Mali","lat":12.6392,"lng":-8.0029},{"n":"Ouagadougou, Burkina Faso","lat":12.3714,"lng":-1.5197},{"n":"Yamoussoukro, Ivory Coast","lat":6.877,"lng":-5.2433},{"n":"Abidjan, Ivory Coast","lat":5.36,"lng":-4.0083},{"n":"Conakry, Guinea","lat":9.537,"lng":-13.6785},{"n":"Banjul, Gambia","lat":13.5137,"lng":-16.578},{"n":"Cotonou, Benin","lat":6.3703,"lng":2.3912},{"n":"Lome, Togo","lat":6.1319,"lng":1.2228},{"n":"Freetown, Sierra Leone","lat":8.4657,"lng":-13.2317},{"n":"Nairobi, Kenya","lat":-1.2921,"lng":36.8219},{"n":"Mombasa, Kenya","lat":-4.0435,"lng":39.6682},{"n":"Nairobi NP, Kenya","lat":-1.2864,"lng":36.8172},{"n":"Amboseli, Kenya","lat":-2.4473,"lng":37.2581},{"n":"Karen, Kenya","lat":-1.4061,"lng":36.7178},{"n":"Eldoret, Kenya","lat":0.5167,"lng":35.2833},{"n":"Kisumu, Kenya","lat":-0.0917,"lng":34.768},{"n":"Dar es Salaam, Tanzania","lat":-6.7924,"lng":39.2083},{"n":"Arusha, Tanzania","lat":-3.3869,"lng":36.683},{"n":"Serengeti, Tanzania","lat":-2.5164,"lng":34.8568},{"n":"Kilimanjaro, Tanzania","lat":-3.0674,"lng":37.3556},{"n":"Zanzibar, Tanzania","lat":-6.163,"lng":39.1989},{"n":"Ngorongoro, Tanzania","lat":-2.8611,"lng":35.5431},{"n":"Malindi, Kenya","lat":-4.05,"lng":39.6667},{"n":"Addis Ababa, Ethiopia","lat":9.025,"lng":38.7469},{"n":"Aksum, Ethiopia","lat":14.1211,"lng":38.9281},{"n":"Gondar, Ethiopia","lat":12.5986,"lng":37.4686},{"n":"Lalibela, Ethiopia","lat":11.5936,"lng":37.3906},{"n":"Kigali, Rwanda","lat":-1.9403,"lng":29.8739},{"n":"Volcanoes NP, Rwanda","lat":-1.57,"lng":29.2253},{"n":"Bujumbura, Burundi","lat":-3.3822,"lng":29.3644},{"n":"Kampala, Uganda","lat":0.3476,"lng":32.5825},{"n":"Bwindi, Uganda","lat":-0.4547,"lng":29.4768},{"n":"Khartoum, Sudan","lat":15.5007,"lng":32.5599},{"n":"Luanda, Angola","lat":-8.9094,"lng":13.2894},{"n":"Blantyre, Malawi","lat":-15.7861,"lng":35.0058},{"n":"Lubumbashi, DRC","lat":-11.6876,"lng":27.5026},{"n":"Kinshasa, DRC","lat":-4.4419,"lng":15.2663},{"n":"Cape Town, South Africa","lat":-33.9249,"lng":18.4241},{"n":"Johannesburg, South Africa","lat":-26.2041,"lng":28.0473},{"n":"Durban, South Africa","lat":-29.8587,"lng":31.0218},{"n":"Port Elizabeth, South Africa","lat":-33.9608,"lng":25.6022},{"n":"Stellenbosch, South Africa","lat":-33.9321,"lng":18.8602},{"n":"Knysna, South Africa","lat":-34.0373,"lng":23.0467},{"n":"Pretoria, South Africa","lat":-25.7461,"lng":28.1881},{"n":"Kruger NP, South Africa","lat":-24.0167,"lng":31.5},{"n":"Camps Bay, South Africa","lat":-34.0522,"lng":18.3702},{"n":"Cape of Good Hope, South Africa","lat":-34.3568,"lng":18.474},{"n":"Oudtshoorn, South Africa","lat":-34.161,"lng":22.1451},{"n":"Mbabane, Eswatini","lat":-26.5225,"lng":31.4659},{"n":"Maseru, Lesotho","lat":-29.31,"lng":27.4833},{"n":"Windhoek, Namibia","lat":-22.3285,"lng":17.083},{"n":"Sossusvlei, Namibia","lat":-22.5609,"lng":17.0658},{"n":"Etosha NP, Namibia","lat":-19,"lng":16},{"n":"Luderitz, Namibia","lat":-26.6667,"lng":15.1667},{"n":"Beira, Mozambique","lat":-19.8286,"lng":34.8389},{"n":"Maputo, Mozambique","lat":-25.9653,"lng":32.5892},{"n":"Inhambane, Mozambique","lat":-23.8634,"lng":35.3474},{"n":"Harare, Zimbabwe","lat":-17.8252,"lng":31.0335},{"n":"Bulawayo, Zimbabwe","lat":-20.1574,"lng":28.5802},{"n":"Victoria Falls, Zimbabwe","lat":-17.9243,"lng":25.8572},{"n":"Gaborone, Botswana","lat":-24.6282,"lng":25.9231},{"n":"Kasane, Botswana","lat":-19.8408,"lng":25.2689},{"n":"Maun, Botswana","lat":-19.1,"lng":23.4167},{"n":"Lusaka, Zambia","lat":-15.4167,"lng":28.2833},{"n":"Livingstone, Zambia","lat":-17.8519,"lng":25.865},{"n":"Victoria, Seychelles","lat":-4.2634,"lng":55.454},{"n":"Port Louis, Mauritius","lat":-20.1609,"lng":57.5012},{"n":"Antananarivo, Madagascar","lat":-18.9249,"lng":47.5255},{"n":"Toamasina, Madagascar","lat":-18.1667,"lng":49.4167},{"n":"Fianarantsoa, Madagascar","lat":-21.4536,"lng":47.0856},{"n":"Sydney, Australia","lat":-33.8688,"lng":151.2093},{"n":"Melbourne, Australia","lat":-37.8136,"lng":144.9631},{"n":"Brisbane, Australia","lat":-27.4698,"lng":153.0251},{"n":"Perth, Australia","lat":-31.9505,"lng":115.8605},{"n":"Adelaide, Australia","lat":-34.9285,"lng":138.6007},{"n":"Cairns, Australia","lat":-16.9186,"lng":145.7781},{"n":"Townsville, Australia","lat":-19.259,"lng":146.8169},{"n":"Darwin, Australia","lat":-12.4634,"lng":130.8456},{"n":"Alice Springs, Australia","lat":-23.7,"lng":133.8807},{"n":"Uluru, Australia","lat":-25.2744,"lng":133.7751},{"n":"Hobart, Australia","lat":-42.8821,"lng":147.3272},{"n":"Gold Coast, Australia","lat":-28.0167,"lng":153.4},{"n":"Noosa, Australia","lat":-26.6534,"lng":153.0666},{"n":"Byron Bay, Australia","lat":-27.9424,"lng":153.3971},{"n":"Airlie Beach, Australia","lat":-21.1411,"lng":149.1861},{"n":"Whitsundays, Australia","lat":-20.0174,"lng":148.7136},{"n":"Manly, Australia","lat":-33.689,"lng":151.254},{"n":"Bondi Beach, Australia","lat":-33.8562,"lng":151.215},{"n":"St Kilda, Australia","lat":-37.9089,"lng":144.96},{"n":"Canberra, Australia","lat":-35.2809,"lng":149.13},{"n":"Port Douglas, Australia","lat":-16.4827,"lng":145.4495},{"n":"Newcastle, Australia","lat":-32.9283,"lng":151.7817},{"n":"Ballarat, Australia","lat":-37.5622,"lng":143.8503},{"n":"Bundaberg, Australia","lat":-24.8607,"lng":152.3479},{"n":"Phillip Island, Australia","lat":-38.682,"lng":146.0472},{"n":"Geelong, Australia","lat":-38.3498,"lng":144.9811},{"n":"Margaret River, Australia","lat":-33.3084,"lng":115.6406},{"n":"Albany, Australia","lat":-35.0275,"lng":117.884},{"n":"Auckland, New Zealand","lat":-36.8509,"lng":174.7645},{"n":"Wellington, New Zealand","lat":-41.2866,"lng":174.7756},{"n":"Christchurch, New Zealand","lat":-43.5321,"lng":172.6362},{"n":"Queenstown, New Zealand","lat":-45.0312,"lng":168.6626},{"n":"Wanaka, New Zealand","lat":-44.6936,"lng":169.132},{"n":"Dunedin, New Zealand","lat":-45.8788,"lng":170.5028},{"n":"Rotorua, New Zealand","lat":-38.1368,"lng":176.2497},{"n":"Hamilton, New Zealand","lat":-37.787,"lng":175.2793},{"n":"New Plymouth, New Zealand","lat":-39.0556,"lng":174.0752},{"n":"Napier, New Zealand","lat":-39.4928,"lng":176.912},{"n":"Nelson, New Zealand","lat":-41.5001,"lng":173.859},{"n":"Invercargill, New Zealand","lat":-46.4132,"lng":168.3538},{"n":"Picton, New Zealand","lat":-41.0534,"lng":173.0403},{"n":"Milford Sound, New Zealand","lat":-45.4138,"lng":167.7181},{"n":"Hokitika, New Zealand","lat":-42.4504,"lng":171.2108},{"n":"Mt Cook, New Zealand","lat":-44.2406,"lng":170.0997},{"n":"Franz Josef, New Zealand","lat":-43.0618,"lng":170.4427},{"n":"Bay of Islands, New Zealand","lat":-35.2126,"lng":174.002},{"n":"Suva, Fiji","lat":-17.7134,"lng":178.065},{"n":"Nadi, Fiji","lat":-17.7765,"lng":177.4356},{"n":"Papeete, Tahiti","lat":-17.6742,"lng":-149.4417},{"n":"Bora Bora, French Polynesia","lat":-16.5004,"lng":-151.7415},{"n":"Pago Pago, American Samoa","lat":-14.271,"lng":-170.702},{"n":"Apia, Samoa","lat":-13.8333,"lng":-171.75},{"n":"Nuku'alofa, Tonga","lat":-21.1394,"lng":-175.1982},{"n":"Noumea, New Caledonia","lat":-22.2758,"lng":166.458},{"n":"Port Vila, Vanuatu","lat":-17.7333,"lng":168.3167},{"n":"Port Moresby, Papua New Guinea","lat":-9.4438,"lng":147.1803},{"n":"Majuro, Marshall Islands","lat":7.1164,"lng":171.1855},{"n":"Chuuk, Micronesia","lat":7.4256,"lng":151.7805},{"n":"Tarawa, Kiribati","lat":1.3382,"lng":173.176},{"n":"Funafuti, Tuvalu","lat":-8.5569,"lng":179.1945},{"n":"Yaren, Nauru","lat":-0.5477,"lng":166.9209},{"n":"Alofi, Niue","lat":-19.0544,"lng":-169.8672},{"n":"Rarotonga, Cook Islands","lat":-21.2075,"lng":-159.7756},{"n":"Tumon, Guam","lat":13.4443,"lng":144.7937},{"n":"Saipan, Northern Mariana Islands","lat":15.2123,"lng":145.7545},{"n":"Koror, Palau","lat":7.5006,"lng":134.6243},{"n":"Utqiagvik (Barrow), Alaska, USA","lat":71.2906,"lng":-156.7887},{"n":"Hammerfest, Norway","lat":70.6634,"lng":23.6821},{"n":"Norilsk, Russia","lat":69.3451,"lng":88.209},{"n":"Arctic Circle, Finland","lat":66.5,"lng":25.75},{"n":"Ilulissat, Greenland","lat":64.1814,"lng":-51.6941},{"n":"Kangerlussuaq, Greenland","lat":69.2198,"lng":-51.0986},{"n":"Qaanaaq, Greenland","lat":76.5319,"lng":-68.7032},{"n":"Ittoqqortoormiit, Greenland","lat":71.7069,"lng":-42.6043},{"n":"Scoresbysund, Greenland","lat":70.4853,"lng":-21.9626},{"n":"Nome, Alaska, USA","lat":68.35,"lng":-166.75},{"n":"Circle, Alaska, USA","lat":66.5667,"lng":-145.5333},{"n":"Bodo, Norway","lat":67.2558,"lng":15.3929},{"n":"Lofoten Islands, Norway","lat":68.44,"lng":17.43},{"n":"North Cape, Norway","lat":70.0624,"lng":25.0513},{"n":"Grimsey Island, Iceland","lat":69.9667,"lng":-23.0167},{"n":"Siglufjordur, Iceland","lat":66.0742,"lng":-18.906},{"n":"Trondheim Fjord, Norway","lat":63.44,"lng":10.4},{"n":"Ushuaia, Argentina","lat":-54.8019,"lng":-68.303},{"n":"Punta Arenas, Chile","lat":-53.1638,"lng":-70.9171},{"n":"Rio Gallegos, Argentina","lat":-51.6226,"lng":-69.2181},{"n":"Esperanza Base, Antarctica","lat":-64.25,"lng":-56.6333},{"n":"King George Island, Antarctica","lat":-62.2167,"lng":-58.9667},{"n":"McMurdo Station, Antarctica","lat":-77.85,"lng":166.6667},{"n":"Vostok Station, Antarctica","lat":-75.1,"lng":123.3833},{"n":"Amundsen-Scott South Pole Station","lat":-82.8628,"lng":-135},{"n":"Grytviken, South Georgia","lat":-54.2833,"lng":-36.5},{"n":"Port Howard, Falkland Islands","lat":-51.7,"lng":-59.0333},{"n":"Goose Green, Falkland Islands","lat":-52.1667,"lng":-59.05},{"n":"Port-aux-Francais, Kerguelen Islands","lat":-46.8833,"lng":37.85},{"n":"Port Elizabeth, Heard Island","lat":-49.35,"lng":70.2167},{"n":"Puerto Williams, Chile","lat":-54.5,"lng":-64},{"n":"Adak, Alaska, USA","lat":-52.3333,"lng":-169.15},{"n":"Jamestown, St Helena","lat":-15.965,"lng":-5.7089},{"n":"Georgetown, Ascension Island","lat":-7.9467,"lng":-14.3559},{"n":"Edinburgh of the Seven Seas, Tristan da Cunha","lat":-37.068,"lng":-12.311},{"n":"Gough Island","lat":-40.35,"lng":-9.9333},{"n":"Torshavn, Faroe Islands","lat":64.15,"lng":-6.7167},{"n":"Mykines, Faroe Islands","lat":62,"lng":-6.7833},{"n":"Diego Garcia","lat":-4.0667,"lng":-12.2833},{"n":"The Valley, Anguilla","lat":18.0731,"lng":-63.0822},{"n":"Sandy Ground, Anguilla","lat":18.2208,"lng":-63.0578},{"n":"Oranjestad, Sint Eustatius","lat":17.4847,"lng":-62.987},{"n":"The Bottom, Saba","lat":17.4833,"lng":-62.8667},{"n":"Kralendijk, Bonaire","lat":12.1696,"lng":-68.2769},{"n":"Saint-Pierre, Saint Pierre and Miquelon","lat":47.0422,"lng":-56.3303},{"n":"Adamstown, Pitcairn Islands","lat":-24.3768,"lng":-128.3242},{"n":"Henderson Island, Pitcairn","lat":-25.0662,"lng":-130.1027},{"n":"Hanga Roa, Easter Island","lat":-27.1127,"lng":-109.3497},{"n":"Flying Fish Cove, Christmas Island","lat":-10.4286,"lng":-105.6795},{"n":"West Island, Cocos Keeling","lat":-12.1869,"lng":96.8283},{"n":"Hilo, Hawaii, USA","lat":19.7297,"lng":-155.09},{"n":"Lihue, Kauai, Hawaii","lat":22.2167,"lng":-159.5},{"n":"Pearl Harbor, Hawaii, USA","lat":21.3156,"lng":-158},{"n":"Lahaina, Maui, Hawaii","lat":20.7967,"lng":-156.4333},{"n":"Pago Pago, American Samoa","lat":-14.2756,"lng":-170.702},{"n":"Alofi, Niue","lat":-14.3333,"lng":-178.15},{"n":"Honiara, Solomon Islands","lat":-8.9333,"lng":158.1},{"n":"Guadalcanal, Solomon Islands","lat":-9.4333,"lng":160},{"n":"Palikir, Micronesia","lat":5.8833,"lng":162.0667},{"n":"Colonia, Yap, Micronesia","lat":9.5167,"lng":138.1333},{"n":"Kolonia, Pohnpei, Micronesia","lat":6.9167,"lng":158.2167},{"n":"Yaren District, Nauru","lat":0.8833,"lng":169.5333},{"n":"Atafu, Tokelau","lat":-0.9,"lng":-169.8667},{"n":"Danger Islands, Cook Islands","lat":-10.8667,"lng":-165.4},{"n":"Mahe, Seychelles","lat":-4.6796,"lng":55.492},{"n":"Diego Garcia, BIOT","lat":-7.1167,"lng":72.4333},{"n":"Moroni, Comoros","lat":-12.2833,"lng":44.4},{"n":"Mamoudzou, Mayotte","lat":-12.7806,"lng":45.2278},{"n":"Saint-Denis, Reunion","lat":-21.1151,"lng":55.5364},{"n":"Cirque de Mafate, Reunion","lat":-20.9,"lng":55.4833},{"n":"Grand Baie, Mauritius","lat":-20.25,"lng":57.55},{"n":"Port Mathurin, Rodrigues","lat":-19.6833,"lng":63.4167},{"n":"Aldabra Atoll, Seychelles","lat":-3.9667,"lng":51.7333},{"n":"Everest Base Camp, Nepal","lat":27.9881,"lng":86.925},{"n":"Annapurna Base Camp, Nepal","lat":28.5983,"lng":83.9311},{"n":"K2 Base Camp, Pakistan","lat":35.8825,"lng":76.5133},{"n":"Mitad del Mundo, Ecuador","lat":-0.0236,"lng":-78.4374},{"n":"Null Island (0,0)","lat":0,"lng":0},{"n":"Machu Picchu, Peru","lat":-13.1631,"lng":-72.545},{"n":"Christ the Redeemer, Brazil","lat":-22.9068,"lng":-43.1729},{"n":"Taj Mahal, India","lat":27.1751,"lng":78.0421},{"n":"Pyramids of Giza, Egypt","lat":29.9792,"lng":31.1342},{"n":"Colosseum, Rome, Italy","lat":41.8902,"lng":12.4922},{"n":"Great Wall of China, Badaling","lat":40.4319,"lng":116.5704},{"n":"Petra, Jordan","lat":37.9715,"lng":-23.7257},{"n":"Sydney Opera House, Australia","lat":-33.8568,"lng":151.2153},{"n":"Eiffel Tower, Paris, France","lat":48.8584,"lng":2.2945},{"n":"Big Ben, London, UK","lat":51.5014,"lng":-0.1419},{"n":"Statue of Liberty, New York, USA","lat":40.6892,"lng":-74.0445},{"n":"La Boca, Buenos Aires, Argentina","lat":-34.6158,"lng":-58.4333},{"n":"Sugarloaf Mountain, Brazil","lat":-23.0026,"lng":-43.3065},{"n":"Hatta, UAE","lat":25.233,"lng":55.2844},{"n":"The Bund, Shanghai, China","lat":31.235,"lng":121.5086},{"n":"Victoria Peak, Hong Kong","lat":22.2783,"lng":114.1747},{"n":"Marina Bay, Singapore","lat":1.3521,"lng":103.8198},{"n":"Angkor Wat, Cambodia","lat":13.4125,"lng":103.867},{"n":"Timbuktu, Mali","lat":16.7833,"lng":-3},{"n":"Oia, Santorini, Greece","lat":36.4618,"lng":25.4317},{"n":"St Mark's Square, Venice","lat":45.4408,"lng":12.3155},{"n":"Tanah Lot, Bali, Indonesia","lat":-8.4095,"lng":115.1889},{"n":"Fushimi Inari, Kyoto, Japan","lat":35.0116,"lng":135.7681},{"n":"Shibuya Crossing, Tokyo, Japan","lat":35.6586,"lng":139.7454},{"n":"Mecca Clock Tower, Saudi Arabia","lat":21.4225,"lng":39.8262},{"n":"Table Mountain, Cape Town","lat":-33.9425,"lng":18.4},{"n":"Fox Glacier, New Zealand","lat":-43.5948,"lng":170.1418},{"n":"Milford Sound, New Zealand","lat":-44.6475,"lng":167.9266},{"n":"Jokulsarlon, Iceland","lat":64.0466,"lng":-16.1819},{"n":"Thingvellir, Iceland","lat":64.3271,"lng":-20.1199},{"n":"Landmannalaugar, Iceland","lat":63.0798,"lng":-18.542},{"n":"Wieliczka Salt Mine, Poland","lat":50.0359,"lng":19.9784},{"n":"Portage Glacier, Alaska","lat":61.2176,"lng":-149.8997},{"n":"Mendenhall Glacier, Alaska","lat":58.3,"lng":-134.4},{"n":"Stonehenge, UK","lat":51.1789,"lng":-1.8262},{"n":"Mont Saint-Michel, France","lat":48.6361,"lng":-1.5115},{"n":"Red Square, Moscow, Russia","lat":55.752,"lng":37.6175},{"n":"Hermitage Museum, St Petersburg","lat":59.9398,"lng":30.3146},{"n":"Brandenburg Gate, Berlin","lat":52.5163,"lng":13.3777},{"n":"Sagrada Familia, Barcelona","lat":41.4036,"lng":2.1744},{"n":"Alhambra, Granada, Spain","lat":37.176,"lng":-3.5881},{"n":"Rialto Bridge, Venice, Italy","lat":45.4337,"lng":12.3381},{"n":"Leaning Tower of Pisa, Italy","lat":43.723,"lng":10.3966},{"n":"Charles Bridge, Prague","lat":50.0865,"lng":14.4114},{"n":"Neuschwanstein Castle, Germany","lat":47.5576,"lng":10.7498},{"n":"Matterhorn, Switzerland","lat":46.2276,"lng":7.0474},{"n":"Jungfrau, Switzerland","lat":46.5588,"lng":8.0017},{"n":"Agra Fort, India","lat":27.175,"lng":78.0422},{"n":"Himeji Castle, Japan","lat":34.8399,"lng":134.6938},{"n":"Kokopo, Papua New Guinea","lat":-9.4333,"lng":147.1833},{"n":"Rabaul, Papua New Guinea","lat":-4.15,"lng":151.9667},{"n":"Mount Etna, Sicily, Italy","lat":37.751,"lng":14.9934},{"n":"Mount Vesuvius, Italy","lat":40.821,"lng":14.426},{"n":"Eyjafjallajokull, Iceland","lat":64.4159,"lng":-17.326},{"n":"Kilauea, Hawaii, USA","lat":19.4211,"lng":-155.2879},{"n":"Mount Rinjani, Lombok, Indonesia","lat":-8.345,"lng":116.45},{"n":"Mount Bromo, Indonesia","lat":-7.9425,"lng":112.953},{"n":"Mount Fuji Summit, Japan","lat":35.3606,"lng":138.7274},{"n":"Mount Ruapehu, New Zealand","lat":-39.2806,"lng":175.5641},{"n":"Osorno Volcano, Chile","lat":-41.0962,"lng":-71.8467},{"n":"Nyiragongo Volcano, DRC","lat":-1.4667,"lng":29.2333},{"n":"Lake Turkana, Kenya","lat":2.8667,"lng":35.25},{"n":"Lake Kivu, Rwanda","lat":-2.46,"lng":29.06},{"n":"Flaming Gorge, Utah, USA","lat":40.828,"lng":-109.451},{"n":"Gibraltar","lat":36.14,"lng":-5.3533},{"n":"Valletta, Malta","lat":35.8997,"lng":14.5147},{"n":"San Marino, San Marino","lat":43.9424,"lng":12.4578},{"n":"Andorra la Vella, Andorra","lat":42.5063,"lng":1.5218},{"n":"Vaduz, Liechtenstein","lat":47.141,"lng":9.5209},{"n":"Luxembourg City, Luxembourg","lat":49.6117,"lng":6.1319},{"n":"Monaco","lat":43.7384,"lng":7.4246},{"n":"Kropyvnytskyi, Ukraine","lat":48.5164,"lng":32.2597},{"n":"Kyiv, Ukraine","lat":50.4501,"lng":30.5234},{"n":"Lviv, Ukraine","lat":49.8397,"lng":24.0297},{"n":"Odessa, Ukraine","lat":46.4825,"lng":30.7233},{"n":"Minsk, Belarus","lat":53.9006,"lng":27.559},{"n":"Plovdiv, Bulgaria","lat":42.7339,"lng":25.4858},{"n":"Sofia, Bulgaria","lat":42.6977,"lng":23.3219},{"n":"Piraeus, Greece","lat":37.9839,"lng":23.7294},{"n":"Patras, Greece","lat":38.2466,"lng":21.7346}]