[{"n":"London, UK","lat":51.5074,"lng":-0.1278},{"n":"Paris, France","lat":48.8566,"lng":2.3522},{"n":"Berlin, Germany","lat":52.52,"lng":13.405},{"n":"Rome, Italy","lat":41.9028,"lng":12.4964},{"n":"Madrid, Spain","lat":40.4168,"lng":-3.7038},{"n":"Barcelona, Spain","lat":41.3851,"lng":2.1734},{"n":"Amsterdam, Netherlands","lat":52.3676,"lng":4.9041},{"n":"Brussels, Belgium","lat":50.8503,"lng":4.3517},{"n":"Vienna, Austria","lat":48.2082,"lng":16.3738},{"n":"Prague, Czech Republic","lat":50.0755,"lng":14.4378},{"n":"Budapest, Hungary","lat":47.4979,"lng":19.0402},{"n":"Copenhagen, Denmark","lat":55.6761,"lng":12.5683},{"n":"Oslo, Norway","lat":59.9139,"lng":10.7522},{"n":"Stockholm, Sweden","lat":59.3293,"lng":18.0686},{"n":"Helsinki, Finland","lat":60.1699,"lng":24.9384},{"n":"Dublin, Ireland","lat":53.3498,"lng":-6.2603},{"n":"Edinburgh, UK","lat":55.9533,"lng":-3.1883},{"n":"Milan, Italy","lat":45.4642,"lng":9.19},{"n":"Venice, Italy","lat":45.4408,"lng":12.3155},{"n":"Florence, Italy","lat":43.7696,"lng":11.2558},{"n":"Marseille, France","lat":43.2965,"lng":5.3698},{"n":"Nice, France","lat":43.7102,"lng":7.262},{"n":"Manchester, UK","lat":53.4808,"lng":-2.2426},{"n":"Munich, Germany","lat":48.1351,"lng":11.582},{"n":"Zurich, Switzerland","lat":47.3769,"lng":8.5417},{"n":"Geneva, Switzerland","lat":46.2044,"lng":6.1432},{"n":"Ljubljana, Slovenia","lat":46.0569,"lng":14.5058},{"n":"Zagreb, Croatia","lat":45.815,"lng":15.9819},{"n":"Sarajevo, Bosnia","lat":43.8563,"lng":18.4131},{"n":"Bucharest, Romania","lat":44.4268,"lng":26.1025},{"n":"Sofia, Bulgaria","lat":42.6977,"lng":23.3219},{"n":"Athens, Greece","lat":37.9838,"lng":23.7275},{"n":"Istanbul, Turkey","lat":41.0082,"lng":28.9784},{"n":"Reykjavik, Iceland","lat":64.1466,"lng":-21.9426},{"n":"Tallinn, Estonia","lat":59.437,"lng":24.7536},{"n":"Riga, Latvia","lat":56.9496,"lng":24.1052},{"n":"Vilnius, Lithuania","lat":54.6872,"lng":25.2797},{"n":"Warsaw, Poland","lat":52.2297,"lng":21.0122},{"n":"Krakow, Poland","lat":50.0647,"lng":19.945},{"n":"Santorini, Greece","lat":36.4618,"lng":25.3753},{"n":"Mykonos, Greece","lat":37.4467,"lng":25.3289},{"n":"Dubrovnik, Croatia","lat":42.6507,"lng":18.0944},{"n":"Split, Croatia","lat":43.5081,"lng":16.4402},{"n":"Bruges, Belgium","lat":51.2093,"lng":3.2247},{"n":"Valletta, Malta","lat":35.8997,"lng":14.5147},{"n":"Monaco","lat":43.7384,"lng":7.4246},{"n":"Malaga, Spain","lat":36.7213,"lng":-4.4214},{"n":"Seville, Spain","lat":37.3891,"lng":-5.9845},{"n":"Lisbon, Portugal","lat":38.7223,"lng":-9.1393},{"n":"Porto, Portugal","lat":41.1579,"lng":-8.6291},{"n":"New York City, USA","lat":40.7128,"lng":-74.006},{"n":"Los Angeles, USA","lat":34.0522,"lng":-118.2437},{"n":"San Francisco, USA","lat":37.7749,"lng":-122.4194},{"n":"Chicago, USA","lat":41.8781,"lng":-87.6298},{"n":"Miami, USA","lat":25.7617,"lng":-80.1918},{"n":"Las Vegas, USA","lat":36.1699,"lng":-115.1398},{"n":"Washington DC, USA","lat":38.9072,"lng":-77.0369},{"n":"Boston, USA","lat":42.3601,"lng":-71.0589},{"n":"Seattle, USA","lat":47.6062,"lng":-122.3321},{"n":"Phoenix, USA","lat":33.4484,"lng":-112.074},{"n":"Houston, USA","lat":29.7604,"lng":-95.3698},{"n":"Dallas, USA","lat":32.7767,"lng":-96.797},{"n":"Austin, USA","lat":30.2672,"lng":-97.7431},{"n":"Denver, USA","lat":39.7392,"lng":-104.9903},{"n":"Portland, USA","lat":45.5051,"lng":-122.675},{"n":"San Diego, USA","lat":32.7157,"lng":-117.1611},{"n":"New Orleans, USA","lat":29.9511,"lng":-90.0715},{"n":"Honolulu, Hawaii","lat":21.3069,"lng":-157.8583},{"n":"Toronto, Canada","lat":43.6532,"lng":-79.3832},{"n":"Montreal, Canada","lat":45.5017,"lng":-73.5673},{"n":"Vancouver, Canada","lat":49.2827,"lng":-123.1207},{"n":"Mexico City, Mexico","lat":19.4326,"lng":-99.1332},{"n":"Cancun, Mexico","lat":21.1619,"lng":-86.8515},{"n":"Havana, Cuba","lat":23.1136,"lng":-82.3666},{"n":"Santo Domingo, Dominican Republic","lat":18.4861,"lng":-69.9312},{"n":"Montego Bay, Jamaica","lat":18.4729,"lng":-77.9193},{"n":"Nassau, Bahamas","lat":25.0343,"lng":-77.3963},{"n":"San Juan, Puerto Rico","lat":17.9712,"lng":-66.808},{"n":"Willemstad, Curacao","lat":12.1165,"lng":-68.9292},{"n":"San Jose, Costa Rica","lat":9.9281,"lng":-84.0907},{"n":"Panama City, Panama","lat":8.9824,"lng":-79.5199},{"n":"Bogota, Colombia","lat":4.711,"lng":-74.0721},{"n":"Medellin, Colombia","lat":6.2442,"lng":-75.5812},{"n":"Cartagena, Colombia","lat":10.3932,"lng":-75.4832},{"n":"Lima, Peru","lat":-12.0464,"lng":-77.0428},{"n":"Cusco, Peru","lat":-13.5319,"lng":-71.9675},{"n":"Quito, Ecuador","lat":-0.1807,"lng":-78.4678},{"n":"Rio de Janeiro, Brazil","lat":-22.9068,"lng":-43.1729},{"n":"Sao Paulo, Brazil","lat":-23.5505,"lng":-46.6333},{"n":"Buenos Aires, Argentina","lat":-34.6037,"lng":-58.3816},{"n":"Santiago, Chile","lat":-33.4489,"lng":-70.6693},{"n":"Montevideo, Uruguay","lat":-34.9011,"lng":-56.1645},{"n":"Tokyo, Japan","lat":35.6762,"lng":139.6503},{"n":"Kyoto, Japan","lat":35.0116,"lng":135.7681},{"n":"Osaka, Japan","lat":34.6937,"lng":135.5023},{"n":"Seoul, South Korea","lat":37.5665,"lng":126.978},{"n":"Beijing, China","lat":39.9042,"lng":116.4074},{"n":"Shanghai, China","lat":31.2304,"lng":121.4737},{"n":"Hong Kong","lat":22.3193,"lng":114.1694},{"n":"Taipei, Taiwan","lat":25.033,"lng":121.5654},{"n":"Bangkok, Thailand","lat":13.7563,"lng":100.5018},{"n":"Phuket, Thailand","lat":7.8804,"lng":98.3923},{"n":"Chiang Mai, Thailand","lat":18.7883,"lng":98.9853},{"n":"Ho Chi Minh City, Vietnam","lat":10.8231,"lng":106.6297},{"n":"Hanoi, Vietnam","lat":21.0285,"lng":105.8542},{"n":"Hoi An, Vietnam","lat":15.8801,"lng":108.338},{"n":"Phnom Penh, Cambodia","lat":11.5564,"lng":104.9282},{"n":"Siem Reap, Cambodia","lat":13.4125,"lng":103.867},{"n":"Singapore","lat":1.2905,"lng":103.852},{"n":"Kuala Lumpur, Malaysia","lat":3.139,"lng":101.6869},{"n":"Jakarta, Indonesia","lat":-6.2088,"lng":106.8456},{"n":"Bali, Indonesia","lat":-8.3405,"lng":115.092},{"n":"Manila, Philippines","lat":14.5995,"lng":120.9842},{"n":"Boracay, Philippines","lat":11.9674,"lng":121.9182},{"n":"New Delhi, India","lat":28.6139,"lng":77.209},{"n":"Mumbai, India","lat":19.076,"lng":72.8777},{"n":"Bangalore, India","lat":12.9716,"lng":77.5946},{"n":"Agra, India","lat":27.1767,"lng":78.0081},{"n":"Jaipur, India","lat":26.9124,"lng":75.7873},{"n":"Goa, India","lat":15.2993,"lng":74.124},{"n":"Kathmandu, Nepal","lat":27.7172,"lng":85.324},{"n":"Colombo, Sri Lanka","lat":6.9271,"lng":79.8612},{"n":"Male, Maldives","lat":4.1755,"lng":73.5093},{"n":"Dubai, UAE","lat":25.2048,"lng":55.2708},{"n":"Abu Dhabi, UAE","lat":24.4539,"lng":54.3773},{"n":"Doha, Qatar","lat":25.2854,"lng":51.531},{"n":"Jerusalem, Israel","lat":31.7683,"lng":35.2137},{"n":"Tel Aviv, Israel","lat":32.0853,"lng":34.7818},{"n":"Cairo, Egypt","lat":30.0444,"lng":31.2357},{"n":"Amman, Jordan","lat":31.9454,"lng":35.9284},{"n":"Petra, Jordan","lat":30.3285,"lng":35.4444},{"n":"Beirut, Lebanon","lat":33.8938,"lng":35.5018},{"n":"Marrakech, Morocco","lat":31.6295,"lng":-7.9811},{"n":"Casablanca, Morocco","lat":33.5731,"lng":-7.5898},{"n":"Cape Town, South Africa","lat":-33.9249,"lng":18.4241},{"n":"Johannesburg, South Africa","lat":-26.2041,"lng":28.0473},{"n":"Nairobi, Kenya","lat":-1.2921,"lng":36.8219},{"n":"Dar es Salaam, Tanzania","lat":-6.7924,"lng":39.2083},{"n":"Arusha, Tanzania","lat":-3.3869,"lng":36.683},{"n":"Zanzibar, Tanzania","lat":-6.163,"lng":39.1989},{"n":"Addis Ababa, Ethiopia","lat":9.025,"lng":38.7469},{"n":"Victoria, Seychelles","lat":-4.2634,"lng":55.454},{"n":"Port Louis, Mauritius","lat":-20.1609,"lng":57.5012},{"n":"Sydney, Australia","lat":-33.8688,"lng":151.2093},{"n":"Melbourne, Australia","lat":-37.8136,"lng":144.9631},{"n":"Brisbane, Australia","lat":-27.4698,"lng":153.0251},{"n":"Cairns, Australia","lat":-16.9186,"lng":145.7781},{"n":"Perth, Australia","lat":-31.9505,"lng":115.8605},{"n":"Auckland, New Zealand","lat":-36.8509,"lng":174.7645},{"n":"Wellington, New Zealand","lat":-41.2866,"lng":174.7756},{"n":"Queenstown, New Zealand","lat":-45.0312,"lng":168.6626},{"n":"Suva, Fiji","lat":-17.7134,"lng":178.065},{"n":"Tahiti, French Polynesia","lat":-17.5334,"lng":-149.5667},{"n":"Moscow, Russia","lat":55.7558,"lng":37.6173},{"n":"St. Petersburg, Russia","lat":59.9343,"lng":30.3351},{"n":"Tbilisi, Georgia","lat":41.7151,"lng":44.8271},{"n":"Baku, Azerbaijan","lat":40.4093,"lng":49.8671},{"n":"Machu Picchu, Peru","lat":-13.1631,"lng":-72.545},{"n":"Uluru, Australia","lat":-25.2744,"lng":133.7751},{"n":"Grand Canyon, USA","lat":36.107,"lng":-112.113},{"n":"Iguazu Falls, Brazil","lat":-25.6953,"lng":-54.4367},{"n":"Victoria Falls, Zimbabwe","lat":-17.9243,"lng":25.8572},{"n":"Taj Mahal, India","lat":27.1751,"lng":78.0421},{"n":"Pyramids of Giza, Egypt","lat":29.9792,"lng":31.1342},{"n":"Christ the Redeemer, Brazil","lat":-22.9519,"lng":-43.2105},{"n":"Great Wall, China","lat":40.4319,"lng":116.5704},{"n":"Ushuaia, Argentina","lat":-54.8019,"lng":-68.303},{"n":"Longyearbyen, Svalbard","lat":78.2232,"lng":15.6267},{"n":"Bondi Beach, Australia","lat":33.8688,"lng":151.2093},{"n":"Maui, Hawaii","lat":20.7984,"lng":-156.3319},{"n":"Puerto Vallarta, Mexico","lat":20.6597,"lng":-105.2253},{"n":"Palma de Mallorca, Spain","lat":39.5696,"lng":2.6502},{"n":"Ibiza, Spain","lat":38.9087,"lng":1.4328},{"n":"Tenerife, Spain","lat":28.2916,"lng":-16.6291},{"n":"Nicosia, Cyprus","lat":35.1856,"lng":33.3823},{"n":"Nara, Japan","lat":34.6851,"lng":135.805},{"n":"Sapporo, Japan","lat":43.0618,"lng":141.3545},{"n":"Shenzhen, China","lat":22.5431,"lng":114.0579},{"n":"Chengdu, China","lat":30.5728,"lng":104.0668},{"n":"Xi'an, China","lat":34.2658,"lng":108.9541},{"n":"Jeju Island, South Korea","lat":33.4996,"lng":126.5312},{"n":"Koh Samui, Thailand","lat":9.512,"lng":100.0134},{"n":"Da Nang, Vietnam","lat":16.0544,"lng":108.2022},{"n":"Langkawi, Malaysia","lat":6.4414,"lng":99.8434},{"n":"Penang, Malaysia","lat":5.4164,"lng":100.3327},{"n":"Ubud, Bali","lat":-8.65,"lng":115.2167},{"n":"Bohol, Philippines","lat":9.3068,"lng":123.3054},{"n":"El Nido, Philippines","lat":11.1784,"lng":119.415},{"n":"Vientiane, Laos","lat":17.8707,"lng":102.7501},{"n":"Luang Prabang, Laos","lat":19.8563,"lng":102.1349},{"n":"Yangon, Myanmar","lat":16.8661,"lng":96.1951},{"n":"Thimphu, Bhutan","lat":27.4712,"lng":89.6419},{"n":"Tehran, Iran","lat":35.6892,"lng":51.389},{"n":"Isfahan, Iran","lat":32.6539,"lng":51.666},{"n":"Muscat, Oman","lat":23.588,"lng":58.3829},{"n":"Kuwait City, Kuwait","lat":29.3759,"lng":47.9774},{"n":"Manama, Bahrain","lat":26.2285,"lng":50.586},{"n":"Dakar, Senegal","lat":14.6928,"lng":-17.4467},{"n":"Accra, Ghana","lat":5.6037,"lng":-0.187},{"n":"Lagos, Nigeria","lat":6.5244,"lng":3.3792}]